{"v":"4.6.9","fr":60,"ip":0,"op":195,"w":220,"h":220,"nm":"Into2_Final_Bitch","ddd":0,"assets":[],"layers":[{"ddd":0,"ind":1,"ty":4,"nm":"QR_s Outlines","ks":{"o":{"a":1,"k":[{"i":{"x":[0.833],"y":[0.833]},"o":{"x":[0.167],"y":[0.167]},"n":["0p833_0p833_0p167_0p167"],"t":123,"s":[100],"e":[0]},{"i":{"x":[0.833],"y":[0.833]},"o":{"x":[0.167],"y":[0.167]},"n":["0p833_0p833_0p167_0p167"],"t":127,"s":[0],"e":[100]},{"t":141}]},"r":{"a":0,"k":0},"p":{"a":1,"k":[{"i":{"x":0.56,"y":1},"o":{"x":0.11,"y":0},"n":"0p56_1_0p11_0","t":8,"s":[68,144,0],"e":[61,144,0],"to":[0,0,0],"ti":[0,0,0]},{"i":{"x":0.56,"y":1},"o":{"x":0.11,"y":0},"n":"0p56_1_0p11_0","t":24,"s":[61,144,0],"e":[61,134,0],"to":[0,0,0],"ti":[0,0,0]},{"i":{"x":0.56,"y":1},"o":{"x":0.11,"y":0},"n":"0p56_1_0p11_0","t":45,"s":[61,134,0],"e":[71,134,0],"to":[0,0,0],"ti":[0,0,0]},{"i":{"x":0.56,"y":1},"o":{"x":0.11,"y":0},"n":"0p56_1_0p11_0","t":74,"s":[71,134,0],"e":[74,144,0],"to":[0,0,0],"ti":[0,0,0]},{"i":{"x":0.56,"y":1},"o":{"x":0.11,"y":0},"n":"0p56_1_0p11_0","t":98,"s":[74,144,0],"e":[68,144,0],"to":[0,0,0],"ti":[0,0,0]},{"t":111}]},"a":{"a":0,"k":[15,15,0]},"s":{"a":0,"k":[100,100,100]}},"ao":0,"shapes":[{"ty":"gr","it":[{"ind":0,"ty":"sh","ix":1,"ks":{"a":0,"k":{"i":[[-0.111,0],[0,0],[0,-0.11],[0,0],[0.11,0],[0,0],[0,0.11],[0,0]],"o":[[0,0],[0.11,0],[0,0],[0,0.11],[0,0],[-0.111,0],[0,0],[0,-0.11]],"v":[[-0.3,-0.5],[0.3,-0.5],[0.5,-0.3],[0.5,0.3],[0.3,0.5],[-0.3,0.5],[-0.5,0.3],[-0.5,-0.3]],"c":true}},"nm":"Path 1","mn":"ADBE Vector Shape - Group"},{"ty":"fl","c":{"a":0,"k":[0.247,0.212,0.192,1]},"o":{"a":0,"k":100},"r":1,"nm":"Fill 1","mn":"ADBE Vector Graphic - Fill"},{"ty":"tr","p":{"a":0,"k":[24.5,24.5],"ix":2},"a":{"a":0,"k":[0,0],"ix":1},"s":{"a":0,"k":[100,100],"ix":3},"r":{"a":0,"k":0,"ix":6},"o":{"a":0,"k":100,"ix":7},"sk":{"a":0,"k":0,"ix":4},"sa":{"a":0,"k":0,"ix":5},"nm":"Transform"}],"nm":"Group 1","np":2,"cix":2,"ix":1,"mn":"ADBE Vector Group"},{"ty":"gr","it":[{"ind":0,"ty":"sh","ix":1,"ks":{"a":0,"k":{"i":[[-0.111,0],[0,0],[0,-0.11],[0,0],[0.11,0],[0,0],[0,0.11],[0,0]],"o":[[0,0],[0.11,0],[0,0],[0,0.11],[0,0],[-0.111,0],[0,0],[0,-0.11]],"v":[[-0.3,-0.5],[0.3,-0.5],[0.5,-0.3],[0.5,0.3],[0.3,0.5],[-0.3,0.5],[-0.5,0.3],[-0.5,-0.3]],"c":true}},"nm":"Path 1","mn":"ADBE Vector Shape - Group"},{"ty":"fl","c":{"a":0,"k":[0.247,0.212,0.192,1]},"o":{"a":0,"k":100},"r":1,"nm":"Fill 1","mn":"ADBE Vector Graphic - Fill"},{"ty":"tr","p":{"a":0,"k":[24.5,22.5],"ix":2},"a":{"a":0,"k":[0,0],"ix":1},"s":{"a":0,"k":[100,100],"ix":3},"r":{"a":0,"k":0,"ix":6},"o":{"a":0,"k":100,"ix":7},"sk":{"a":0,"k":0,"ix":4},"sa":{"a":0,"k":0,"ix":5},"nm":"Transform"}],"nm":"Group 2","np":2,"cix":2,"ix":2,"mn":"ADBE Vector Group"},{"ty":"gr","it":[{"ind":0,"ty":"sh","ix":1,"ks":{"a":0,"k":{"i":[[-0.111,0],[0,0],[0,-0.11],[0,0],[0.11,0],[0,0],[0,0.11],[0,0]],"o":[[0,0],[0.11,0],[0,0],[0,0.11],[0,0],[-0.111,0],[0,0],[0,-0.11]],"v":[[-0.3,-0.5],[0.3,-0.5],[0.5,-0.3],[0.5,0.3],[0.3,0.5],[-0.3,0.5],[-0.5,0.3],[-0.5,-0.3]],"c":true}},"nm":"Path 1","mn":"ADBE Vector Shape - Group"},{"ty":"fl","c":{"a":0,"k":[0.247,0.212,0.192,1]},"o":{"a":0,"k":100},"r":1,"nm":"Fill 1","mn":"ADBE Vector Graphic - Fill"},{"ty":"tr","p":{"a":0,"k":[24.5,20.5],"ix":2},"a":{"a":0,"k":[0,0],"ix":1},"s":{"a":0,"k":[100,100],"ix":3},"r":{"a":0,"k":0,"ix":6},"o":{"a":0,"k":100,"ix":7},"sk":{"a":0,"k":0,"ix":4},"sa":{"a":0,"k":0,"ix":5},"nm":"Transform"}],"nm":"Group 3","np":2,"cix":2,"ix":3,"mn":"ADBE Vector Group"},{"ty":"gr","it":[{"ind":0,"ty":"sh","ix":1,"ks":{"a":0,"k":{"i":[[-0.111,0],[0,0],[0,-0.11],[0,0],[0.11,0],[0,0],[0,0.11],[0,0]],"o":[[0,0],[0.11,0],[0,0],[0,0.11],[0,0],[-0.111,0],[0,0],[0,-0.11]],"v":[[-0.3,-0.5],[0.3,-0.5],[0.5,-0.3],[0.5,0.3],[0.3,0.5],[-0.3,0.5],[-0.5,0.3],[-0.5,-0.3]],"c":true}},"nm":"Path 1","mn":"ADBE Vector Shape - Group"},{"ty":"fl","c":{"a":0,"k":[0.247,0.212,0.192,1]},"o":{"a":0,"k":100},"r":1,"nm":"Fill 1","mn":"ADBE Vector Graphic - Fill"},{"ty":"tr","p":{"a":0,"k":[24.5,18.5],"ix":2},"a":{"a":0,"k":[0,0],"ix":1},"s":{"a":0,"k":[100,100],"ix":3},"r":{"a":0,"k":0,"ix":6},"o":{"a":0,"k":100,"ix":7},"sk":{"a":0,"k":0,"ix":4},"sa":{"a":0,"k":0,"ix":5},"nm":"Transform"}],"nm":"Group 4","np":2,"cix":2,"ix":4,"mn":"ADBE Vector Group"},{"ty":"gr","it":[{"ind":0,"ty":"sh","ix":1,"ks":{"a":0,"k":{"i":[[-0.111,0],[0,0],[0,-0.11],[0,0],[0.11,0],[0,0],[0,0.11],[0,0]],"o":[[0,0],[0.11,0],[0,0],[0,0.11],[0,0],[-0.111,0],[0,0],[0,-0.11]],"v":[[-0.3,-0.5],[0.3,-0.5],[0.5,-0.3],[0.5,0.3],[0.3,0.5],[-0.3,0.5],[-0.5,0.3],[-0.5,-0.3]],"c":true}},"nm":"Path 1","mn":"ADBE Vector Shape - Group"},{"ty":"fl","c":{"a":0,"k":[0.247,0.212,0.192,1]},"o":{"a":0,"k":100},"r":1,"nm":"Fill 1","mn":"ADBE Vector Graphic - Fill"},{"ty":"tr","p":{"a":0,"k":[22.5,24.5],"ix":2},"a":{"a":0,"k":[0,0],"ix":1},"s":{"a":0,"k":[100,100],"ix":3},"r":{"a":0,"k":0,"ix":6},"o":{"a":0,"k":100,"ix":7},"sk":{"a":0,"k":0,"ix":4},"sa":{"a":0,"k":0,"ix":5},"nm":"Transform"}],"nm":"Group 5","np":2,"cix":2,"ix":5,"mn":"ADBE Vector Group"},{"ty":"gr","it":[{"ind":0,"ty":"sh","ix":1,"ks":{"a":0,"k":{"i":[[-0.111,0],[0,0],[0,-0.11],[0,0],[0.11,0],[0,0],[0,0.11],[0,0]],"o":[[0,0],[0.11,0],[0,0],[0,0.11],[0,0],[-0.111,0],[0,0],[0,-0.11]],"v":[[-0.3,-0.5],[0.3,-0.5],[0.5,-0.3],[0.5,0.3],[0.3,0.5],[-0.3,0.5],[-0.5,0.3],[-0.5,-0.3]],"c":true}},"nm":"Path 1","mn":"ADBE Vector Shape - Group"},{"ty":"fl","c":{"a":0,"k":[0.247,0.212,0.192,1]},"o":{"a":0,"k":100},"r":1,"nm":"Fill 1","mn":"ADBE Vector Graphic - Fill"},{"ty":"tr","p":{"a":0,"k":[22.5,22.5],"ix":2},"a":{"a":0,"k":[0,0],"ix":1},"s":{"a":0,"k":[100,100],"ix":3},"r":{"a":0,"k":0,"ix":6},"o":{"a":0,"k":100,"ix":7},"sk":{"a":0,"k":0,"ix":4},"sa":{"a":0,"k":0,"ix":5},"nm":"Transform"}],"nm":"Group 6","np":2,"cix":2,"ix":6,"mn":"ADBE Vector Group"},{"ty":"gr","it":[{"ind":0,"ty":"sh","ix":1,"ks":{"a":0,"k":{"i":[[-0.111,0],[0,0],[0,-0.11],[0,0],[0.11,0],[0,0],[0,0.11],[0,0]],"o":[[0,0],[0.11,0],[0,0],[0,0.11],[0,0],[-0.111,0],[0,0],[0,-0.11]],"v":[[-0.3,-0.5],[0.3,-0.5],[0.5,-0.3],[0.5,0.3],[0.3,0.5],[-0.3,0.5],[-0.5,0.3],[-0.5,-0.3]],"c":true}},"nm":"Path 1","mn":"ADBE Vector Shape - Group"},{"ty":"fl","c":{"a":0,"k":[0.247,0.212,0.192,1]},"o":{"a":0,"k":100},"r":1,"nm":"Fill 1","mn":"ADBE Vector Graphic - Fill"},{"ty":"tr","p":{"a":0,"k":[22.5,20.5],"ix":2},"a":{"a":0,"k":[0,0],"ix":1},"s":{"a":0,"k":[100,100],"ix":3},"r":{"a":0,"k":0,"ix":6},"o":{"a":0,"k":100,"ix":7},"sk":{"a":0,"k":0,"ix":4},"sa":{"a":0,"k":0,"ix":5},"nm":"Transform"}],"nm":"Group 7","np":2,"cix":2,"ix":7,"mn":"ADBE Vector Group"},{"ty":"gr","it":[{"ind":0,"ty":"sh","ix":1,"ks":{"a":0,"k":{"i":[[-0.111,0],[0,0],[0,-0.11],[0,0],[0.11,0],[0,0],[0,0.11],[0,0]],"o":[[0,0],[0.11,0],[0,0],[0,0.11],[0,0],[-0.111,0],[0,0],[0,-0.11]],"v":[[-0.3,-0.5],[0.3,-0.5],[0.5,-0.3],[0.5,0.3],[0.3,0.5],[-0.3,0.5],[-0.5,0.3],[-0.5,-0.3]],"c":true}},"nm":"Path 1","mn":"ADBE Vector Shape - Group"},{"ty":"fl","c":{"a":0,"k":[0.247,0.212,0.192,1]},"o":{"a":0,"k":100},"r":1,"nm":"Fill 1","mn":"ADBE Vector Graphic - Fill"},{"ty":"tr","p":{"a":0,"k":[22.5,18.5],"ix":2},"a":{"a":0,"k":[0,0],"ix":1},"s":{"a":0,"k":[100,100],"ix":3},"r":{"a":0,"k":0,"ix":6},"o":{"a":0,"k":100,"ix":7},"sk":{"a":0,"k":0,"ix":4},"sa":{"a":0,"k":0,"ix":5},"nm":"Transform"}],"nm":"Group 8","np":2,"cix":2,"ix":8,"mn":"ADBE Vector Group"},{"ty":"gr","it":[{"ind":0,"ty":"sh","ix":1,"ks":{"a":0,"k":{"i":[[-0.111,0],[0,0],[0,-0.11],[0,0],[0.11,0],[0,0],[0,0.11],[0,0]],"o":[[0,0],[0.11,0],[0,0],[0,0.11],[0,0],[-0.111,0],[0,0],[0,-0.11]],"v":[[-0.3,-0.5],[0.3,-0.5],[0.5,-0.3],[0.5,0.3],[0.3,0.5],[-0.3,0.5],[-0.5,0.3],[-0.5,-0.3]],"c":true}},"nm":"Path 1","mn":"ADBE Vector Shape - Group"},{"ty":"fl","c":{"a":0,"k":[0.247,0.212,0.192,1]},"o":{"a":0,"k":100},"r":1,"nm":"Fill 1","mn":"ADBE Vector Graphic - Fill"},{"ty":"tr","p":{"a":0,"k":[20.5,24.5],"ix":2},"a":{"a":0,"k":[0,0],"ix":1},"s":{"a":0,"k":[100,100],"ix":3},"r":{"a":0,"k":0,"ix":6},"o":{"a":0,"k":100,"ix":7},"sk":{"a":0,"k":0,"ix":4},"sa":{"a":0,"k":0,"ix":5},"nm":"Transform"}],"nm":"Group 9","np":2,"cix":2,"ix":9,"mn":"ADBE Vector Group"},{"ty":"gr","it":[{"ind":0,"ty":"sh","ix":1,"ks":{"a":0,"k":{"i":[[-0.111,0],[0,0],[0,-0.11],[0,0],[0.11,0],[0,0],[0,0.11],[0,0]],"o":[[0,0],[0.11,0],[0,0],[0,0.11],[0,0],[-0.111,0],[0,0],[0,-0.11]],"v":[[-0.3,-0.5],[0.3,-0.5],[0.5,-0.3],[0.5,0.3],[0.3,0.5],[-0.3,0.5],[-0.5,0.3],[-0.5,-0.3]],"c":true}},"nm":"Path 1","mn":"ADBE Vector Shape - Group"},{"ty":"fl","c":{"a":0,"k":[0.247,0.212,0.192,1]},"o":{"a":0,"k":100},"r":1,"nm":"Fill 1","mn":"ADBE Vector Graphic - Fill"},{"ty":"tr","p":{"a":0,"k":[20.5,22.5],"ix":2},"a":{"a":0,"k":[0,0],"ix":1},"s":{"a":0,"k":[100,100],"ix":3},"r":{"a":0,"k":0,"ix":6},"o":{"a":0,"k":100,"ix":7},"sk":{"a":0,"k":0,"ix":4},"sa":{"a":0,"k":0,"ix":5},"nm":"Transform"}],"nm":"Group 10","np":2,"cix":2,"ix":10,"mn":"ADBE Vector Group"},{"ty":"gr","it":[{"ind":0,"ty":"sh","ix":1,"ks":{"a":0,"k":{"i":[[-0.111,0],[0,0],[0,-0.11],[0,0],[0.11,0],[0,0],[0,0.11],[0,0]],"o":[[0,0],[0.11,0],[0,0],[0,0.11],[0,0],[-0.111,0],[0,0],[0,-0.11]],"v":[[-0.3,-0.5],[0.3,-0.5],[0.5,-0.3],[0.5,0.3],[0.3,0.5],[-0.3,0.5],[-0.5,0.3],[-0.5,-0.3]],"c":true}},"nm":"Path 1","mn":"ADBE Vector Shape - Group"},{"ty":"fl","c":{"a":0,"k":[0.247,0.212,0.192,1]},"o":{"a":0,"k":100},"r":1,"nm":"Fill 1","mn":"ADBE Vector Graphic - Fill"},{"ty":"tr","p":{"a":0,"k":[20.5,20.5],"ix":2},"a":{"a":0,"k":[0,0],"ix":1},"s":{"a":0,"k":[100,100],"ix":3},"r":{"a":0,"k":0,"ix":6},"o":{"a":0,"k":100,"ix":7},"sk":{"a":0,"k":0,"ix":4},"sa":{"a":0,"k":0,"ix":5},"nm":"Transform"}],"nm":"Group 11","np":2,"cix":2,"ix":11,"mn":"ADBE Vector Group"},{"ty":"gr","it":[{"ind":0,"ty":"sh","ix":1,"ks":{"a":0,"k":{"i":[[-0.111,0],[0,0],[0,-0.11],[0,0],[0.11,0],[0,0],[0,0.11],[0,0]],"o":[[0,0],[0.11,0],[0,0],[0,0.11],[0,0],[-0.111,0],[0,0],[0,-0.11]],"v":[[-0.3,-0.5],[0.3,-0.5],[0.5,-0.3],[0.5,0.3],[0.3,0.5],[-0.3,0.5],[-0.5,0.3],[-0.5,-0.3]],"c":true}},"nm":"Path 1","mn":"ADBE Vector Shape - Group"},{"ty":"fl","c":{"a":0,"k":[0.247,0.212,0.192,1]},"o":{"a":0,"k":100},"r":1,"nm":"Fill 1","mn":"ADBE Vector Graphic - Fill"},{"ty":"tr","p":{"a":0,"k":[20.5,18.5],"ix":2},"a":{"a":0,"k":[0,0],"ix":1},"s":{"a":0,"k":[100,100],"ix":3},"r":{"a":0,"k":0,"ix":6},"o":{"a":0,"k":100,"ix":7},"sk":{"a":0,"k":0,"ix":4},"sa":{"a":0,"k":0,"ix":5},"nm":"Transform"}],"nm":"Group 12","np":2,"cix":2,"ix":12,"mn":"ADBE Vector Group"},{"ty":"gr","it":[{"ind":0,"ty":"sh","ix":1,"ks":{"a":0,"k":{"i":[[-0.111,0],[0,0],[0,-0.11],[0,0],[0.11,0],[0,0],[0,0.11],[0,0]],"o":[[0,0],[0.11,0],[0,0],[0,0.11],[0,0],[-0.111,0],[0,0],[0,-0.11]],"v":[[-0.3,-0.5],[0.3,-0.5],[0.5,-0.3],[0.5,0.3],[0.3,0.5],[-0.3,0.5],[-0.5,0.3],[-0.5,-0.3]],"c":true}},"nm":"Path 1","mn":"ADBE Vector Shape - Group"},{"ty":"fl","c":{"a":0,"k":[0.247,0.212,0.192,1]},"o":{"a":0,"k":100},"r":1,"nm":"Fill 1","mn":"ADBE Vector Graphic - Fill"},{"ty":"tr","p":{"a":0,"k":[18.5,24.5],"ix":2},"a":{"a":0,"k":[0,0],"ix":1},"s":{"a":0,"k":[100,100],"ix":3},"r":{"a":0,"k":0,"ix":6},"o":{"a":0,"k":100,"ix":7},"sk":{"a":0,"k":0,"ix":4},"sa":{"a":0,"k":0,"ix":5},"nm":"Transform"}],"nm":"Group 13","np":2,"cix":2,"ix":13,"mn":"ADBE Vector Group"},{"ty":"gr","it":[{"ind":0,"ty":"sh","ix":1,"ks":{"a":0,"k":{"i":[[-0.111,0],[0,0],[0,-0.11],[0,0],[0.11,0],[0,0],[0,0.11],[0,0]],"o":[[0,0],[0.11,0],[0,0],[0,0.11],[0,0],[-0.111,0],[0,0],[0,-0.11]],"v":[[-0.3,-0.5],[0.3,-0.5],[0.5,-0.3],[0.5,0.3],[0.3,0.5],[-0.3,0.5],[-0.5,0.3],[-0.5,-0.3]],"c":true}},"nm":"Path 1","mn":"ADBE Vector Shape - Group"},{"ty":"fl","c":{"a":0,"k":[0.247,0.212,0.192,1]},"o":{"a":0,"k":100},"r":1,"nm":"Fill 1","mn":"ADBE Vector Graphic - Fill"},{"ty":"tr","p":{"a":0,"k":[18.5,22.5],"ix":2},"a":{"a":0,"k":[0,0],"ix":1},"s":{"a":0,"k":[100,100],"ix":3},"r":{"a":0,"k":0,"ix":6},"o":{"a":0,"k":100,"ix":7},"sk":{"a":0,"k":0,"ix":4},"sa":{"a":0,"k":0,"ix":5},"nm":"Transform"}],"nm":"Group 14","np":2,"cix":2,"ix":14,"mn":"ADBE Vector Group"},{"ty":"gr","it":[{"ind":0,"ty":"sh","ix":1,"ks":{"a":0,"k":{"i":[[-0.111,0],[0,0],[0,-0.11],[0,0],[0.11,0],[0,0],[0,0.11],[0,0]],"o":[[0,0],[0.11,0],[0,0],[0,0.11],[0,0],[-0.111,0],[0,0],[0,-0.11]],"v":[[-0.3,-0.5],[0.3,-0.5],[0.5,-0.3],[0.5,0.3],[0.3,0.5],[-0.3,0.5],[-0.5,0.3],[-0.5,-0.3]],"c":true}},"nm":"Path 1","mn":"ADBE Vector Shape - Group"},{"ty":"fl","c":{"a":0,"k":[0.247,0.212,0.192,1]},"o":{"a":0,"k":100},"r":1,"nm":"Fill 1","mn":"ADBE Vector Graphic - Fill"},{"ty":"tr","p":{"a":0,"k":[18.5,20.5],"ix":2},"a":{"a":0,"k":[0,0],"ix":1},"s":{"a":0,"k":[100,100],"ix":3},"r":{"a":0,"k":0,"ix":6},"o":{"a":0,"k":100,"ix":7},"sk":{"a":0,"k":0,"ix":4},"sa":{"a":0,"k":0,"ix":5},"nm":"Transform"}],"nm":"Group 15","np":2,"cix":2,"ix":15,"mn":"ADBE Vector Group"},{"ty":"gr","it":[{"ind":0,"ty":"sh","ix":1,"ks":{"a":0,"k":{"i":[[-0.111,0],[0,0],[0,-0.11],[0,0],[0.11,0],[0,0],[0,0.11],[0,0]],"o":[[0,0],[0.11,0],[0,0],[0,0.11],[0,0],[-0.111,0],[0,0],[0,-0.11]],"v":[[-0.3,-0.5],[0.3,-0.5],[0.5,-0.3],[0.5,0.3],[0.3,0.5],[-0.3,0.5],[-0.5,0.3],[-0.5,-0.3]],"c":true}},"nm":"Path 1","mn":"ADBE Vector Shape - Group"},{"ty":"fl","c":{"a":0,"k":[0.247,0.212,0.192,1]},"o":{"a":0,"k":100},"r":1,"nm":"Fill 1","mn":"ADBE Vector Graphic - Fill"},{"ty":"tr","p":{"a":0,"k":[18.5,18.5],"ix":2},"a":{"a":0,"k":[0,0],"ix":1},"s":{"a":0,"k":[100,100],"ix":3},"r":{"a":0,"k":0,"ix":6},"o":{"a":0,"k":100,"ix":7},"sk":{"a":0,"k":0,"ix":4},"sa":{"a":0,"k":0,"ix":5},"nm":"Transform"}],"nm":"Group 16","np":2,"cix":2,"ix":16,"mn":"ADBE Vector Group"},{"ty":"gr","it":[{"ind":0,"ty":"sh","ix":1,"ks":{"a":0,"k":{"i":[[-0.111,0],[0,0],[0,-0.11],[0,0],[0.11,0],[0,0],[0,0.11],[0,0]],"o":[[0,0],[0.11,0],[0,0],[0,0.11],[0,0],[-0.111,0],[0,0],[0,-0.11]],"v":[[-0.3,-0.5],[0.3,-0.5],[0.5,-0.3],[0.5,0.3],[0.3,0.5],[-0.3,0.5],[-0.5,0.3],[-0.5,-0.3]],"c":true}},"nm":"Path 1","mn":"ADBE Vector Shape - Group"},{"ty":"fl","c":{"a":0,"k":[0.247,0.212,0.192,1]},"o":{"a":0,"k":100},"r":1,"nm":"Fill 1","mn":"ADBE Vector Graphic - Fill"},{"ty":"tr","p":{"a":0,"k":[25.5,25.5],"ix":2},"a":{"a":0,"k":[0,0],"ix":1},"s":{"a":0,"k":[100,100],"ix":3},"r":{"a":0,"k":0,"ix":6},"o":{"a":0,"k":100,"ix":7},"sk":{"a":0,"k":0,"ix":4},"sa":{"a":0,"k":0,"ix":5},"nm":"Transform"}],"nm":"Group 17","np":2,"cix":2,"ix":17,"mn":"ADBE Vector Group"},{"ty":"gr","it":[{"ind":0,"ty":"sh","ix":1,"ks":{"a":0,"k":{"i":[[-0.111,0],[0,0],[0,-0.11],[0,0],[0.11,0],[0,0],[0,0.11],[0,0]],"o":[[0,0],[0.11,0],[0,0],[0,0.11],[0,0],[-0.111,0],[0,0],[0,-0.11]],"v":[[-0.3,-0.5],[0.3,-0.5],[0.5,-0.3],[0.5,0.3],[0.3,0.5],[-0.3,0.5],[-0.5,0.3],[-0.5,-0.3]],"c":true}},"nm":"Path 1","mn":"ADBE Vector Shape - Group"},{"ty":"fl","c":{"a":0,"k":[0.247,0.212,0.192,1]},"o":{"a":0,"k":100},"r":1,"nm":"Fill 1","mn":"ADBE Vector Graphic - Fill"},{"ty":"tr","p":{"a":0,"k":[25.5,23.5],"ix":2},"a":{"a":0,"k":[0,0],"ix":1},"s":{"a":0,"k":[100,100],"ix":3},"r":{"a":0,"k":0,"ix":6},"o":{"a":0,"k":100,"ix":7},"sk":{"a":0,"k":0,"ix":4},"sa":{"a":0,"k":0,"ix":5},"nm":"Transform"}],"nm":"Group 18","np":2,"cix":2,"ix":18,"mn":"ADBE Vector Group"},{"ty":"gr","it":[{"ind":0,"ty":"sh","ix":1,"ks":{"a":0,"k":{"i":[[-0.111,0],[0,0],[0,-0.11],[0,0],[0.11,0],[0,0],[0,0.11],[0,0]],"o":[[0,0],[0.11,0],[0,0],[0,0.11],[0,0],[-0.111,0],[0,0],[0,-0.11]],"v":[[-0.3,-0.5],[0.3,-0.5],[0.5,-0.3],[0.5,0.3],[0.3,0.5],[-0.3,0.5],[-0.5,0.3],[-0.5,-0.3]],"c":true}},"nm":"Path 1","mn":"ADBE Vector Shape - Group"},{"ty":"fl","c":{"a":0,"k":[0.247,0.212,0.192,1]},"o":{"a":0,"k":100},"r":1,"nm":"Fill 1","mn":"ADBE Vector Graphic - Fill"},{"ty":"tr","p":{"a":0,"k":[25.5,21.5],"ix":2},"a":{"a":0,"k":[0,0],"ix":1},"s":{"a":0,"k":[100,100],"ix":3},"r":{"a":0,"k":0,"ix":6},"o":{"a":0,"k":100,"ix":7},"sk":{"a":0,"k":0,"ix":4},"sa":{"a":0,"k":0,"ix":5},"nm":"Transform"}],"nm":"Group 19","np":2,"cix":2,"ix":19,"mn":"ADBE Vector Group"},{"ty":"gr","it":[{"ind":0,"ty":"sh","ix":1,"ks":{"a":0,"k":{"i":[[-0.111,0],[0,0],[0,-0.11],[0,0],[0.11,0],[0,0],[0,0.11],[0,0]],"o":[[0,0],[0.11,0],[0,0],[0,0.11],[0,0],[-0.111,0],[0,0],[0,-0.11]],"v":[[-0.3,-0.5],[0.3,-0.5],[0.5,-0.3],[0.5,0.3],[0.3,0.5],[-0.3,0.5],[-0.5,0.3],[-0.5,-0.3]],"c":true}},"nm":"Path 1","mn":"ADBE Vector Shape - Group"},{"ty":"fl","c":{"a":0,"k":[0.247,0.212,0.192,1]},"o":{"a":0,"k":100},"r":1,"nm":"Fill 1","mn":"ADBE Vector Graphic - Fill"},{"ty":"tr","p":{"a":0,"k":[25.5,19.5],"ix":2},"a":{"a":0,"k":[0,0],"ix":1},"s":{"a":0,"k":[100,100],"ix":3},"r":{"a":0,"k":0,"ix":6},"o":{"a":0,"k":100,"ix":7},"sk":{"a":0,"k":0,"ix":4},"sa":{"a":0,"k":0,"ix":5},"nm":"Transform"}],"nm":"Group 20","np":2,"cix":2,"ix":20,"mn":"ADBE Vector Group"},{"ty":"gr","it":[{"ind":0,"ty":"sh","ix":1,"ks":{"a":0,"k":{"i":[[-0.111,0],[0,0],[0,-0.11],[0,0],[0.11,0],[0,0],[0,0.11],[0,0]],"o":[[0,0],[0.11,0],[0,0],[0,0.11],[0,0],[-0.111,0],[0,0],[0,-0.11]],"v":[[-0.3,-0.5],[0.3,-0.5],[0.5,-0.3],[0.5,0.3],[0.3,0.5],[-0.3,0.5],[-0.5,0.3],[-0.5,-0.3]],"c":true}},"nm":"Path 1","mn":"ADBE Vector Shape - Group"},{"ty":"fl","c":{"a":0,"k":[0.247,0.212,0.192,1]},"o":{"a":0,"k":100},"r":1,"nm":"Fill 1","mn":"ADBE Vector Graphic - Fill"},{"ty":"tr","p":{"a":0,"k":[25.5,17.5],"ix":2},"a":{"a":0,"k":[0,0],"ix":1},"s":{"a":0,"k":[100,100],"ix":3},"r":{"a":0,"k":0,"ix":6},"o":{"a":0,"k":100,"ix":7},"sk":{"a":0,"k":0,"ix":4},"sa":{"a":0,"k":0,"ix":5},"nm":"Transform"}],"nm":"Group 21","np":2,"cix":2,"ix":21,"mn":"ADBE Vector Group"},{"ty":"gr","it":[{"ind":0,"ty":"sh","ix":1,"ks":{"a":0,"k":{"i":[[-0.111,0],[0,0],[0,-0.11],[0,0],[0.11,0],[0,0],[0,0.11],[0,0]],"o":[[0,0],[0.11,0],[0,0],[0,0.11],[0,0],[-0.111,0],[0,0],[0,-0.11]],"v":[[-0.3,-0.5],[0.3,-0.5],[0.5,-0.3],[0.5,0.3],[0.3,0.5],[-0.3,0.5],[-0.5,0.3],[-0.5,-0.3]],"c":true}},"nm":"Path 1","mn":"ADBE Vector Shape - Group"},{"ty":"fl","c":{"a":0,"k":[0.247,0.212,0.192,1]},"o":{"a":0,"k":100},"r":1,"nm":"Fill 1","mn":"ADBE Vector Graphic - Fill"},{"ty":"tr","p":{"a":0,"k":[23.5,25.5],"ix":2},"a":{"a":0,"k":[0,0],"ix":1},"s":{"a":0,"k":[100,100],"ix":3},"r":{"a":0,"k":0,"ix":6},"o":{"a":0,"k":100,"ix":7},"sk":{"a":0,"k":0,"ix":4},"sa":{"a":0,"k":0,"ix":5},"nm":"Transform"}],"nm":"Group 22","np":2,"cix":2,"ix":22,"mn":"ADBE Vector Group"},{"ty":"gr","it":[{"ind":0,"ty":"sh","ix":1,"ks":{"a":0,"k":{"i":[[-0.111,0],[0,0],[0,-0.11],[0,0],[0.11,0],[0,0],[0,0.11],[0,0]],"o":[[0,0],[0.11,0],[0,0],[0,0.11],[0,0],[-0.111,0],[0,0],[0,-0.11]],"v":[[-0.3,-0.5],[0.3,-0.5],[0.5,-0.3],[0.5,0.3],[0.3,0.5],[-0.3,0.5],[-0.5,0.3],[-0.5,-0.3]],"c":true}},"nm":"Path 1","mn":"ADBE Vector Shape - Group"},{"ty":"fl","c":{"a":0,"k":[0.247,0.212,0.192,1]},"o":{"a":0,"k":100},"r":1,"nm":"Fill 1","mn":"ADBE Vector Graphic - Fill"},{"ty":"tr","p":{"a":0,"k":[23.5,23.5],"ix":2},"a":{"a":0,"k":[0,0],"ix":1},"s":{"a":0,"k":[100,100],"ix":3},"r":{"a":0,"k":0,"ix":6},"o":{"a":0,"k":100,"ix":7},"sk":{"a":0,"k":0,"ix":4},"sa":{"a":0,"k":0,"ix":5},"nm":"Transform"}],"nm":"Group 23","np":2,"cix":2,"ix":23,"mn":"ADBE Vector Group"},{"ty":"gr","it":[{"ind":0,"ty":"sh","ix":1,"ks":{"a":0,"k":{"i":[[-0.111,0],[0,0],[0,-0.11],[0,0],[0.11,0],[0,0],[0,0.11],[0,0]],"o":[[0,0],[0.11,0],[0,0],[0,0.11],[0,0],[-0.111,0],[0,0],[0,-0.11]],"v":[[-0.3,-0.5],[0.3,-0.5],[0.5,-0.3],[0.5,0.3],[0.3,0.5],[-0.3,0.5],[-0.5,0.3],[-0.5,-0.3]],"c":true}},"nm":"Path 1","mn":"ADBE Vector Shape - Group"},{"ty":"fl","c":{"a":0,"k":[0.247,0.212,0.192,1]},"o":{"a":0,"k":100},"r":1,"nm":"Fill 1","mn":"ADBE Vector Graphic - Fill"},{"ty":"tr","p":{"a":0,"k":[23.5,21.5],"ix":2},"a":{"a":0,"k":[0,0],"ix":1},"s":{"a":0,"k":[100,100],"ix":3},"r":{"a":0,"k":0,"ix":6},"o":{"a":0,"k":100,"ix":7},"sk":{"a":0,"k":0,"ix":4},"sa":{"a":0,"k":0,"ix":5},"nm":"Transform"}],"nm":"Group 24","np":2,"cix":2,"ix":24,"mn":"ADBE Vector Group"},{"ty":"gr","it":[{"ind":0,"ty":"sh","ix":1,"ks":{"a":0,"k":{"i":[[-0.111,0],[0,0],[0,-0.11],[0,0],[0.11,0],[0,0],[0,0.11],[0,0]],"o":[[0,0],[0.11,0],[0,0],[0,0.11],[0,0],[-0.111,0],[0,0],[0,-0.11]],"v":[[-0.3,-0.5],[0.3,-0.5],[0.5,-0.3],[0.5,0.3],[0.3,0.5],[-0.3,0.5],[-0.5,0.3],[-0.5,-0.3]],"c":true}},"nm":"Path 1","mn":"ADBE Vector Shape - Group"},{"ty":"fl","c":{"a":0,"k":[0.247,0.212,0.192,1]},"o":{"a":0,"k":100},"r":1,"nm":"Fill 1","mn":"ADBE Vector Graphic - Fill"},{"ty":"tr","p":{"a":0,"k":[23.5,19.5],"ix":2},"a":{"a":0,"k":[0,0],"ix":1},"s":{"a":0,"k":[100,100],"ix":3},"r":{"a":0,"k":0,"ix":6},"o":{"a":0,"k":100,"ix":7},"sk":{"a":0,"k":0,"ix":4},"sa":{"a":0,"k":0,"ix":5},"nm":"Transform"}],"nm":"Group 25","np":2,"cix":2,"ix":25,"mn":"ADBE Vector Group"},{"ty":"gr","it":[{"ind":0,"ty":"sh","ix":1,"ks":{"a":0,"k":{"i":[[-0.111,0],[0,0],[0,-0.11],[0,0],[0.11,0],[0,0],[0,0.11],[0,0]],"o":[[0,0],[0.11,0],[0,0],[0,0.11],[0,0],[-0.111,0],[0,0],[0,-0.11]],"v":[[-0.3,-0.5],[0.3,-0.5],[0.5,-0.3],[0.5,0.3],[0.3,0.5],[-0.3,0.5],[-0.5,0.3],[-0.5,-0.3]],"c":true}},"nm":"Path 1","mn":"ADBE Vector Shape - Group"},{"ty":"fl","c":{"a":0,"k":[0.247,0.212,0.192,1]},"o":{"a":0,"k":100},"r":1,"nm":"Fill 1","mn":"ADBE Vector Graphic - Fill"},{"ty":"tr","p":{"a":0,"k":[23.5,17.5],"ix":2},"a":{"a":0,"k":[0,0],"ix":1},"s":{"a":0,"k":[100,100],"ix":3},"r":{"a":0,"k":0,"ix":6},"o":{"a":0,"k":100,"ix":7},"sk":{"a":0,"k":0,"ix":4},"sa":{"a":0,"k":0,"ix":5},"nm":"Transform"}],"nm":"Group 26","np":2,"cix":2,"ix":26,"mn":"ADBE Vector Group"},{"ty":"gr","it":[{"ind":0,"ty":"sh","ix":1,"ks":{"a":0,"k":{"i":[[-0.111,0],[0,0],[0,-0.11],[0,0],[0.11,0],[0,0],[0,0.11],[0,0]],"o":[[0,0],[0.11,0],[0,0],[0,0.11],[0,0],[-0.111,0],[0,0],[0,-0.11]],"v":[[-0.3,-0.5],[0.3,-0.5],[0.5,-0.3],[0.5,0.3],[0.3,0.5],[-0.3,0.5],[-0.5,0.3],[-0.5,-0.3]],"c":true}},"nm":"Path 1","mn":"ADBE Vector Shape - Group"},{"ty":"fl","c":{"a":0,"k":[0.247,0.212,0.192,1]},"o":{"a":0,"k":100},"r":1,"nm":"Fill 1","mn":"ADBE Vector Graphic - Fill"},{"ty":"tr","p":{"a":0,"k":[21.5,25.5],"ix":2},"a":{"a":0,"k":[0,0],"ix":1},"s":{"a":0,"k":[100,100],"ix":3},"r":{"a":0,"k":0,"ix":6},"o":{"a":0,"k":100,"ix":7},"sk":{"a":0,"k":0,"ix":4},"sa":{"a":0,"k":0,"ix":5},"nm":"Transform"}],"nm":"Group 27","np":2,"cix":2,"ix":27,"mn":"ADBE Vector Group"},{"ty":"gr","it":[{"ind":0,"ty":"sh","ix":1,"ks":{"a":0,"k":{"i":[[-0.111,0],[0,0],[0,-0.11],[0,0],[0.11,0],[0,0],[0,0.11],[0,0]],"o":[[0,0],[0.11,0],[0,0],[0,0.11],[0,0],[-0.111,0],[0,0],[0,-0.11]],"v":[[-0.3,-0.5],[0.3,-0.5],[0.5,-0.3],[0.5,0.3],[0.3,0.5],[-0.3,0.5],[-0.5,0.3],[-0.5,-0.3]],"c":true}},"nm":"Path 1","mn":"ADBE Vector Shape - Group"},{"ty":"fl","c":{"a":0,"k":[0.247,0.212,0.192,1]},"o":{"a":0,"k":100},"r":1,"nm":"Fill 1","mn":"ADBE Vector Graphic - Fill"},{"ty":"tr","p":{"a":0,"k":[21.5,23.5],"ix":2},"a":{"a":0,"k":[0,0],"ix":1},"s":{"a":0,"k":[100,100],"ix":3},"r":{"a":0,"k":0,"ix":6},"o":{"a":0,"k":100,"ix":7},"sk":{"a":0,"k":0,"ix":4},"sa":{"a":0,"k":0,"ix":5},"nm":"Transform"}],"nm":"Group 28","np":2,"cix":2,"ix":28,"mn":"ADBE Vector Group"},{"ty":"gr","it":[{"ind":0,"ty":"sh","ix":1,"ks":{"a":0,"k":{"i":[[-0.111,0],[0,0],[0,-0.11],[0,0],[0.11,0],[0,0],[0,0.11],[0,0]],"o":[[0,0],[0.11,0],[0,0],[0,0.11],[0,0],[-0.111,0],[0,0],[0,-0.11]],"v":[[-0.3,-0.5],[0.3,-0.5],[0.5,-0.3],[0.5,0.3],[0.3,0.5],[-0.3,0.5],[-0.5,0.3],[-0.5,-0.3]],"c":true}},"nm":"Path 1","mn":"ADBE Vector Shape - Group"},{"ty":"fl","c":{"a":0,"k":[0.247,0.212,0.192,1]},"o":{"a":0,"k":100},"r":1,"nm":"Fill 1","mn":"ADBE Vector Graphic - Fill"},{"ty":"tr","p":{"a":0,"k":[21.5,21.5],"ix":2},"a":{"a":0,"k":[0,0],"ix":1},"s":{"a":0,"k":[100,100],"ix":3},"r":{"a":0,"k":0,"ix":6},"o":{"a":0,"k":100,"ix":7},"sk":{"a":0,"k":0,"ix":4},"sa":{"a":0,"k":0,"ix":5},"nm":"Transform"}],"nm":"Group 29","np":2,"cix":2,"ix":29,"mn":"ADBE Vector Group"},{"ty":"gr","it":[{"ind":0,"ty":"sh","ix":1,"ks":{"a":0,"k":{"i":[[-0.111,0],[0,0],[0,-0.11],[0,0],[0.11,0],[0,0],[0,0.11],[0,0]],"o":[[0,0],[0.11,0],[0,0],[0,0.11],[0,0],[-0.111,0],[0,0],[0,-0.11]],"v":[[-0.3,-0.5],[0.3,-0.5],[0.5,-0.3],[0.5,0.3],[0.3,0.5],[-0.3,0.5],[-0.5,0.3],[-0.5,-0.3]],"c":true}},"nm":"Path 1","mn":"ADBE Vector Shape - Group"},{"ty":"fl","c":{"a":0,"k":[0.247,0.212,0.192,1]},"o":{"a":0,"k":100},"r":1,"nm":"Fill 1","mn":"ADBE Vector Graphic - Fill"},{"ty":"tr","p":{"a":0,"k":[21.5,19.5],"ix":2},"a":{"a":0,"k":[0,0],"ix":1},"s":{"a":0,"k":[100,100],"ix":3},"r":{"a":0,"k":0,"ix":6},"o":{"a":0,"k":100,"ix":7},"sk":{"a":0,"k":0,"ix":4},"sa":{"a":0,"k":0,"ix":5},"nm":"Transform"}],"nm":"Group 30","np":2,"cix":2,"ix":30,"mn":"ADBE Vector Group"},{"ty":"gr","it":[{"ind":0,"ty":"sh","ix":1,"ks":{"a":0,"k":{"i":[[-0.111,0],[0,0],[0,-0.11],[0,0],[0.11,0],[0,0],[0,0.11],[0,0]],"o":[[0,0],[0.11,0],[0,0],[0,0.11],[0,0],[-0.111,0],[0,0],[0,-0.11]],"v":[[-0.3,-0.5],[0.3,-0.5],[0.5,-0.3],[0.5,0.3],[0.3,0.5],[-0.3,0.5],[-0.5,0.3],[-0.5,-0.3]],"c":true}},"nm":"Path 1","mn":"ADBE Vector Shape - Group"},{"ty":"fl","c":{"a":0,"k":[0.247,0.212,0.192,1]},"o":{"a":0,"k":100},"r":1,"nm":"Fill 1","mn":"ADBE Vector Graphic - Fill"},{"ty":"tr","p":{"a":0,"k":[21.5,17.5],"ix":2},"a":{"a":0,"k":[0,0],"ix":1},"s":{"a":0,"k":[100,100],"ix":3},"r":{"a":0,"k":0,"ix":6},"o":{"a":0,"k":100,"ix":7},"sk":{"a":0,"k":0,"ix":4},"sa":{"a":0,"k":0,"ix":5},"nm":"Transform"}],"nm":"Group 31","np":2,"cix":2,"ix":31,"mn":"ADBE Vector Group"},{"ty":"gr","it":[{"ind":0,"ty":"sh","ix":1,"ks":{"a":0,"k":{"i":[[-0.111,0],[0,0],[0,-0.11],[0,0],[0.11,0],[0,0],[0,0.11],[0,0]],"o":[[0,0],[0.11,0],[0,0],[0,0.11],[0,0],[-0.111,0],[0,0],[0,-0.11]],"v":[[-0.3,-0.5],[0.3,-0.5],[0.5,-0.3],[0.5,0.3],[0.3,0.5],[-0.3,0.5],[-0.5,0.3],[-0.5,-0.3]],"c":true}},"nm":"Path 1","mn":"ADBE Vector Shape - Group"},{"ty":"fl","c":{"a":0,"k":[0.247,0.212,0.192,1]},"o":{"a":0,"k":100},"r":1,"nm":"Fill 1","mn":"ADBE Vector Graphic - Fill"},{"ty":"tr","p":{"a":0,"k":[19.5,25.5],"ix":2},"a":{"a":0,"k":[0,0],"ix":1},"s":{"a":0,"k":[100,100],"ix":3},"r":{"a":0,"k":0,"ix":6},"o":{"a":0,"k":100,"ix":7},"sk":{"a":0,"k":0,"ix":4},"sa":{"a":0,"k":0,"ix":5},"nm":"Transform"}],"nm":"Group 32","np":2,"cix":2,"ix":32,"mn":"ADBE Vector Group"},{"ty":"gr","it":[{"ind":0,"ty":"sh","ix":1,"ks":{"a":0,"k":{"i":[[-0.111,0],[0,0],[0,-0.11],[0,0],[0.11,0],[0,0],[0,0.11],[0,0]],"o":[[0,0],[0.11,0],[0,0],[0,0.11],[0,0],[-0.111,0],[0,0],[0,-0.11]],"v":[[-0.3,-0.5],[0.3,-0.5],[0.5,-0.3],[0.5,0.3],[0.3,0.5],[-0.3,0.5],[-0.5,0.3],[-0.5,-0.3]],"c":true}},"nm":"Path 1","mn":"ADBE Vector Shape - Group"},{"ty":"fl","c":{"a":0,"k":[0.247,0.212,0.192,1]},"o":{"a":0,"k":100},"r":1,"nm":"Fill 1","mn":"ADBE Vector Graphic - Fill"},{"ty":"tr","p":{"a":0,"k":[19.5,23.5],"ix":2},"a":{"a":0,"k":[0,0],"ix":1},"s":{"a":0,"k":[100,100],"ix":3},"r":{"a":0,"k":0,"ix":6},"o":{"a":0,"k":100,"ix":7},"sk":{"a":0,"k":0,"ix":4},"sa":{"a":0,"k":0,"ix":5},"nm":"Transform"}],"nm":"Group 33","np":2,"cix":2,"ix":33,"mn":"ADBE Vector Group"},{"ty":"gr","it":[{"ind":0,"ty":"sh","ix":1,"ks":{"a":0,"k":{"i":[[-0.111,0],[0,0],[0,-0.11],[0,0],[0.11,0],[0,0],[0,0.11],[0,0]],"o":[[0,0],[0.11,0],[0,0],[0,0.11],[0,0],[-0.111,0],[0,0],[0,-0.11]],"v":[[-0.3,-0.5],[0.3,-0.5],[0.5,-0.3],[0.5,0.3],[0.3,0.5],[-0.3,0.5],[-0.5,0.3],[-0.5,-0.3]],"c":true}},"nm":"Path 1","mn":"ADBE Vector Shape - Group"},{"ty":"fl","c":{"a":0,"k":[0.247,0.212,0.192,1]},"o":{"a":0,"k":100},"r":1,"nm":"Fill 1","mn":"ADBE Vector Graphic - Fill"},{"ty":"tr","p":{"a":0,"k":[19.5,21.5],"ix":2},"a":{"a":0,"k":[0,0],"ix":1},"s":{"a":0,"k":[100,100],"ix":3},"r":{"a":0,"k":0,"ix":6},"o":{"a":0,"k":100,"ix":7},"sk":{"a":0,"k":0,"ix":4},"sa":{"a":0,"k":0,"ix":5},"nm":"Transform"}],"nm":"Group 34","np":2,"cix":2,"ix":34,"mn":"ADBE Vector Group"},{"ty":"gr","it":[{"ind":0,"ty":"sh","ix":1,"ks":{"a":0,"k":{"i":[[-0.111,0],[0,0],[0,-0.11],[0,0],[0.11,0],[0,0],[0,0.11],[0,0]],"o":[[0,0],[0.11,0],[0,0],[0,0.11],[0,0],[-0.111,0],[0,0],[0,-0.11]],"v":[[-0.3,-0.5],[0.3,-0.5],[0.5,-0.3],[0.5,0.3],[0.3,0.5],[-0.3,0.5],[-0.5,0.3],[-0.5,-0.3]],"c":true}},"nm":"Path 1","mn":"ADBE Vector Shape - Group"},{"ty":"fl","c":{"a":0,"k":[0.247,0.212,0.192,1]},"o":{"a":0,"k":100},"r":1,"nm":"Fill 1","mn":"ADBE Vector Graphic - Fill"},{"ty":"tr","p":{"a":0,"k":[19.5,19.5],"ix":2},"a":{"a":0,"k":[0,0],"ix":1},"s":{"a":0,"k":[100,100],"ix":3},"r":{"a":0,"k":0,"ix":6},"o":{"a":0,"k":100,"ix":7},"sk":{"a":0,"k":0,"ix":4},"sa":{"a":0,"k":0,"ix":5},"nm":"Transform"}],"nm":"Group 35","np":2,"cix":2,"ix":35,"mn":"ADBE Vector Group"},{"ty":"gr","it":[{"ind":0,"ty":"sh","ix":1,"ks":{"a":0,"k":{"i":[[-0.111,0],[0,0],[0,-0.11],[0,0],[0.11,0],[0,0],[0,0.11],[0,0]],"o":[[0,0],[0.11,0],[0,0],[0,0.11],[0,0],[-0.111,0],[0,0],[0,-0.11]],"v":[[-0.3,-0.5],[0.3,-0.5],[0.5,-0.3],[0.5,0.3],[0.3,0.5],[-0.3,0.5],[-0.5,0.3],[-0.5,-0.3]],"c":true}},"nm":"Path 1","mn":"ADBE Vector Shape - Group"},{"ty":"fl","c":{"a":0,"k":[0.247,0.212,0.192,1]},"o":{"a":0,"k":100},"r":1,"nm":"Fill 1","mn":"ADBE Vector Graphic - Fill"},{"ty":"tr","p":{"a":0,"k":[19.5,17.5],"ix":2},"a":{"a":0,"k":[0,0],"ix":1},"s":{"a":0,"k":[100,100],"ix":3},"r":{"a":0,"k":0,"ix":6},"o":{"a":0,"k":100,"ix":7},"sk":{"a":0,"k":0,"ix":4},"sa":{"a":0,"k":0,"ix":5},"nm":"Transform"}],"nm":"Group 36","np":2,"cix":2,"ix":36,"mn":"ADBE Vector Group"},{"ty":"gr","it":[{"ind":0,"ty":"sh","ix":1,"ks":{"a":0,"k":{"i":[[-0.111,0],[0,0],[0,-0.11],[0,0],[0.11,0],[0,0],[0,0.11],[0,0]],"o":[[0,0],[0.11,0],[0,0],[0,0.11],[0,0],[-0.111,0],[0,0],[0,-0.11]],"v":[[-0.3,-0.5],[0.3,-0.5],[0.5,-0.3],[0.5,0.3],[0.3,0.5],[-0.3,0.5],[-0.5,0.3],[-0.5,-0.3]],"c":true}},"nm":"Path 1","mn":"ADBE Vector Shape - Group"},{"ty":"fl","c":{"a":0,"k":[0.247,0.212,0.192,1]},"o":{"a":0,"k":100},"r":1,"nm":"Fill 1","mn":"ADBE Vector Graphic - Fill"},{"ty":"tr","p":{"a":0,"k":[17.5,25.5],"ix":2},"a":{"a":0,"k":[0,0],"ix":1},"s":{"a":0,"k":[100,100],"ix":3},"r":{"a":0,"k":0,"ix":6},"o":{"a":0,"k":100,"ix":7},"sk":{"a":0,"k":0,"ix":4},"sa":{"a":0,"k":0,"ix":5},"nm":"Transform"}],"nm":"Group 37","np":2,"cix":2,"ix":37,"mn":"ADBE Vector Group"},{"ty":"gr","it":[{"ind":0,"ty":"sh","ix":1,"ks":{"a":0,"k":{"i":[[-0.111,0],[0,0],[0,-0.11],[0,0],[0.11,0],[0,0],[0,0.11],[0,0]],"o":[[0,0],[0.11,0],[0,0],[0,0.11],[0,0],[-0.111,0],[0,0],[0,-0.11]],"v":[[-0.3,-0.5],[0.3,-0.5],[0.5,-0.3],[0.5,0.3],[0.3,0.5],[-0.3,0.5],[-0.5,0.3],[-0.5,-0.3]],"c":true}},"nm":"Path 1","mn":"ADBE Vector Shape - Group"},{"ty":"fl","c":{"a":0,"k":[0.247,0.212,0.192,1]},"o":{"a":0,"k":100},"r":1,"nm":"Fill 1","mn":"ADBE Vector Graphic - Fill"},{"ty":"tr","p":{"a":0,"k":[17.5,23.5],"ix":2},"a":{"a":0,"k":[0,0],"ix":1},"s":{"a":0,"k":[100,100],"ix":3},"r":{"a":0,"k":0,"ix":6},"o":{"a":0,"k":100,"ix":7},"sk":{"a":0,"k":0,"ix":4},"sa":{"a":0,"k":0,"ix":5},"nm":"Transform"}],"nm":"Group 38","np":2,"cix":2,"ix":38,"mn":"ADBE Vector Group"},{"ty":"gr","it":[{"ind":0,"ty":"sh","ix":1,"ks":{"a":0,"k":{"i":[[-0.111,0],[0,0],[0,-0.11],[0,0],[0.11,0],[0,0],[0,0.11],[0,0]],"o":[[0,0],[0.11,0],[0,0],[0,0.11],[0,0],[-0.111,0],[0,0],[0,-0.11]],"v":[[-0.3,-0.5],[0.3,-0.5],[0.5,-0.3],[0.5,0.3],[0.3,0.5],[-0.3,0.5],[-0.5,0.3],[-0.5,-0.3]],"c":true}},"nm":"Path 1","mn":"ADBE Vector Shape - Group"},{"ty":"fl","c":{"a":0,"k":[0.247,0.212,0.192,1]},"o":{"a":0,"k":100},"r":1,"nm":"Fill 1","mn":"ADBE Vector Graphic - Fill"},{"ty":"tr","p":{"a":0,"k":[17.5,21.5],"ix":2},"a":{"a":0,"k":[0,0],"ix":1},"s":{"a":0,"k":[100,100],"ix":3},"r":{"a":0,"k":0,"ix":6},"o":{"a":0,"k":100,"ix":7},"sk":{"a":0,"k":0,"ix":4},"sa":{"a":0,"k":0,"ix":5},"nm":"Transform"}],"nm":"Group 39","np":2,"cix":2,"ix":39,"mn":"ADBE Vector Group"},{"ty":"gr","it":[{"ind":0,"ty":"sh","ix":1,"ks":{"a":0,"k":{"i":[[-0.111,0],[0,0],[0,-0.11],[0,0],[0.11,0],[0,0],[0,0.11],[0,0]],"o":[[0,0],[0.11,0],[0,0],[0,0.11],[0,0],[-0.111,0],[0,0],[0,-0.11]],"v":[[-0.3,-0.5],[0.3,-0.5],[0.5,-0.3],[0.5,0.3],[0.3,0.5],[-0.3,0.5],[-0.5,0.3],[-0.5,-0.3]],"c":true}},"nm":"Path 1","mn":"ADBE Vector Shape - Group"},{"ty":"fl","c":{"a":0,"k":[0.247,0.212,0.192,1]},"o":{"a":0,"k":100},"r":1,"nm":"Fill 1","mn":"ADBE Vector Graphic - Fill"},{"ty":"tr","p":{"a":0,"k":[17.5,19.5],"ix":2},"a":{"a":0,"k":[0,0],"ix":1},"s":{"a":0,"k":[100,100],"ix":3},"r":{"a":0,"k":0,"ix":6},"o":{"a":0,"k":100,"ix":7},"sk":{"a":0,"k":0,"ix":4},"sa":{"a":0,"k":0,"ix":5},"nm":"Transform"}],"nm":"Group 40","np":2,"cix":2,"ix":40,"mn":"ADBE Vector Group"},{"ty":"gr","it":[{"ind":0,"ty":"sh","ix":1,"ks":{"a":0,"k":{"i":[[-0.111,0],[0,0],[0,-0.11],[0,0],[0.11,0],[0,0],[0,0.11],[0,0]],"o":[[0,0],[0.11,0],[0,0],[0,0.11],[0,0],[-0.111,0],[0,0],[0,-0.11]],"v":[[-0.3,-0.5],[0.3,-0.5],[0.5,-0.3],[0.5,0.3],[0.3,0.5],[-0.3,0.5],[-0.5,0.3],[-0.5,-0.3]],"c":true}},"nm":"Path 1","mn":"ADBE Vector Shape - Group"},{"ty":"fl","c":{"a":0,"k":[0.247,0.212,0.192,1]},"o":{"a":0,"k":100},"r":1,"nm":"Fill 1","mn":"ADBE Vector Graphic - Fill"},{"ty":"tr","p":{"a":0,"k":[17.5,17.5],"ix":2},"a":{"a":0,"k":[0,0],"ix":1},"s":{"a":0,"k":[100,100],"ix":3},"r":{"a":0,"k":0,"ix":6},"o":{"a":0,"k":100,"ix":7},"sk":{"a":0,"k":0,"ix":4},"sa":{"a":0,"k":0,"ix":5},"nm":"Transform"}],"nm":"Group 41","np":2,"cix":2,"ix":41,"mn":"ADBE Vector Group"},{"ty":"gr","it":[{"ind":0,"ty":"sh","ix":1,"ks":{"a":0,"k":{"i":[[-0.552,0],[0,0],[0,-0.553],[0,0],[0.552,0],[0,0],[0,0.553],[0,0]],"o":[[0,0],[0.552,0],[0,0],[0,0.553],[0,0],[-0.552,0],[0,0],[0,-0.553]],"v":[[-1.5,-2.5],[1.5,-2.5],[2.5,-1.5],[2.5,1.5],[1.5,2.5],[-1.5,2.5],[-2.5,1.5],[-2.5,-1.5]],"c":true}},"nm":"Path 1","mn":"ADBE Vector Shape - Group"},{"ty":"fl","c":{"a":0,"k":[0.247,0.212,0.192,1]},"o":{"a":0,"k":100},"r":1,"nm":"Fill 1","mn":"ADBE Vector Graphic - Fill"},{"ty":"tr","p":{"a":0,"k":[21.5,8.5],"ix":2},"a":{"a":0,"k":[0,0],"ix":1},"s":{"a":0,"k":[100,100],"ix":3},"r":{"a":0,"k":0,"ix":6},"o":{"a":0,"k":100,"ix":7},"sk":{"a":0,"k":0,"ix":4},"sa":{"a":0,"k":0,"ix":5},"nm":"Transform"}],"nm":"Group 42","np":2,"cix":2,"ix":42,"mn":"ADBE Vector Group"},{"ty":"gr","it":[{"ind":0,"ty":"sh","ix":1,"ks":{"a":0,"k":{"i":[[-0.552,0],[0,0],[0,-0.553],[0,0],[0.552,0],[0,0],[0,0.553],[0,0]],"o":[[0,0],[0.552,0],[0,0],[0,0.553],[0,0],[-0.552,0],[0,0],[0,-0.553]],"v":[[-1.5,-2.5],[1.5,-2.5],[2.5,-1.5],[2.5,1.5],[1.5,2.5],[-1.5,2.5],[-2.5,1.5],[-2.5,-1.5]],"c":true}},"nm":"Path 1","mn":"ADBE Vector Shape - Group"},{"ty":"fl","c":{"a":0,"k":[0.247,0.212,0.192,1]},"o":{"a":0,"k":100},"r":1,"nm":"Fill 1","mn":"ADBE Vector Graphic - Fill"},{"ty":"tr","p":{"a":0,"k":[8.5,21.5],"ix":2},"a":{"a":0,"k":[0,0],"ix":1},"s":{"a":0,"k":[100,100],"ix":3},"r":{"a":0,"k":0,"ix":6},"o":{"a":0,"k":100,"ix":7},"sk":{"a":0,"k":0,"ix":4},"sa":{"a":0,"k":0,"ix":5},"nm":"Transform"}],"nm":"Group 43","np":2,"cix":2,"ix":43,"mn":"ADBE Vector Group"},{"ty":"gr","it":[{"ind":0,"ty":"sh","ix":1,"ks":{"a":0,"k":{"i":[[-0.552,0],[0,0],[0,-0.553],[0,0],[0.552,0],[0,0],[0,0.553],[0,0]],"o":[[0,0],[0.552,0],[0,0],[0,0.553],[0,0],[-0.552,0],[0,0],[0,-0.553]],"v":[[-1.5,-2.5],[1.5,-2.5],[2.5,-1.5],[2.5,1.5],[1.5,2.5],[-1.5,2.5],[-2.5,1.5],[-2.5,-1.5]],"c":true}},"nm":"Path 1","mn":"ADBE Vector Shape - Group"},{"ty":"fl","c":{"a":0,"k":[0.247,0.212,0.192,1]},"o":{"a":0,"k":100},"r":1,"nm":"Fill 1","mn":"ADBE Vector Graphic - Fill"},{"ty":"tr","p":{"a":0,"k":[8.5,8.5],"ix":2},"a":{"a":0,"k":[0,0],"ix":1},"s":{"a":0,"k":[100,100],"ix":3},"r":{"a":0,"k":0,"ix":6},"o":{"a":0,"k":100,"ix":7},"sk":{"a":0,"k":0,"ix":4},"sa":{"a":0,"k":0,"ix":5},"nm":"Transform"}],"nm":"Group 44","np":2,"cix":2,"ix":44,"mn":"ADBE Vector Group"},{"ty":"gr","it":[{"ind":0,"ty":"sh","ix":1,"ks":{"a":0,"k":{"i":[[-1.104,0],[0,0],[0,-1.104],[0,0],[1.104,0],[0,0],[0,1.104],[0,0]],"o":[[0,0],[1.104,0],[0,0],[0,1.104],[0,0],[-1.104,0],[0,0],[0,-1.104]],"v":[[-2.5,-4.5],[2.5,-4.5],[4.5,-2.5],[4.5,2.5],[2.5,4.5],[-2.5,4.5],[-4.5,2.5],[-4.5,-2.5]],"c":true}},"nm":"Path 1","mn":"ADBE Vector Shape - Group"},{"ty":"st","c":{"a":0,"k":[0.247,0.212,0.192,1]},"o":{"a":0,"k":100},"w":{"a":0,"k":1},"lc":1,"lj":1,"ml":4,"nm":"Stroke 1","mn":"ADBE Vector Graphic - Stroke"},{"ty":"tr","p":{"a":0,"k":[21.5,8.5],"ix":2},"a":{"a":0,"k":[0,0],"ix":1},"s":{"a":0,"k":[100,100],"ix":3},"r":{"a":0,"k":0,"ix":6},"o":{"a":0,"k":100,"ix":7},"sk":{"a":0,"k":0,"ix":4},"sa":{"a":0,"k":0,"ix":5},"nm":"Transform"}],"nm":"Group 45","np":2,"cix":2,"ix":45,"mn":"ADBE Vector Group"},{"ty":"gr","it":[{"ind":0,"ty":"sh","ix":1,"ks":{"a":0,"k":{"i":[[-1.104,0],[0,0],[0,-1.104],[0,0],[1.104,0],[0,0],[0,1.104],[0,0]],"o":[[0,0],[1.104,0],[0,0],[0,1.104],[0,0],[-1.104,0],[0,0],[0,-1.104]],"v":[[-2.5,-4.5],[2.5,-4.5],[4.5,-2.5],[4.5,2.5],[2.5,4.5],[-2.5,4.5],[-4.5,2.5],[-4.5,-2.5]],"c":true}},"nm":"Path 1","mn":"ADBE Vector Shape - Group"},{"ty":"st","c":{"a":0,"k":[0.247,0.212,0.192,1]},"o":{"a":0,"k":100},"w":{"a":0,"k":1},"lc":1,"lj":1,"ml":4,"nm":"Stroke 1","mn":"ADBE Vector Graphic - Stroke"},{"ty":"tr","p":{"a":0,"k":[8.5,21.5],"ix":2},"a":{"a":0,"k":[0,0],"ix":1},"s":{"a":0,"k":[100,100],"ix":3},"r":{"a":0,"k":0,"ix":6},"o":{"a":0,"k":100,"ix":7},"sk":{"a":0,"k":0,"ix":4},"sa":{"a":0,"k":0,"ix":5},"nm":"Transform"}],"nm":"Group 46","np":2,"cix":2,"ix":46,"mn":"ADBE Vector Group"},{"ty":"gr","it":[{"ind":0,"ty":"sh","ix":1,"ks":{"a":0,"k":{"i":[[-1.104,0],[0,0],[0,-1.104],[0,0],[1.104,0],[0,0],[0,1.104],[0,0]],"o":[[0,0],[1.104,0],[0,0],[0,1.104],[0,0],[-1.104,0],[0,0],[0,-1.104]],"v":[[-2.5,-4.5],[2.5,-4.5],[4.5,-2.5],[4.5,2.5],[2.5,4.5],[-2.5,4.5],[-4.5,2.5],[-4.5,-2.5]],"c":true}},"nm":"Path 1","mn":"ADBE Vector Shape - Group"},{"ty":"st","c":{"a":0,"k":[0.247,0.212,0.192,1]},"o":{"a":0,"k":100},"w":{"a":0,"k":1},"lc":1,"lj":1,"ml":4,"nm":"Stroke 1","mn":"ADBE Vector Graphic - Stroke"},{"ty":"tr","p":{"a":0,"k":[8.5,8.5],"ix":2},"a":{"a":0,"k":[0,0],"ix":1},"s":{"a":0,"k":[100,100],"ix":3},"r":{"a":0,"k":0,"ix":6},"o":{"a":0,"k":100,"ix":7},"sk":{"a":0,"k":0,"ix":4},"sa":{"a":0,"k":0,"ix":5},"nm":"Transform"}],"nm":"Group 47","np":2,"cix":2,"ix":47,"mn":"ADBE Vector Group"},{"ty":"gr","it":[{"ind":0,"ty":"sh","ix":1,"ks":{"a":0,"k":{"i":[[-1.657,0],[0,0],[0,-1.656],[0,0],[1.657,0],[0,0],[0,1.656],[0,0]],"o":[[0,0],[1.657,0],[0,0],[0,1.656],[0,0],[-1.657,0],[0,0],[0,-1.656]],"v":[[-11,-14],[11,-14],[14,-11],[14,11],[11,14],[-11,14],[-14,11],[-14,-11]],"c":true}},"nm":"Path 1","mn":"ADBE Vector Shape - Group"},{"ty":"st","c":{"a":0,"k":[0.247,0.212,0.192,1]},"o":{"a":0,"k":100},"w":{"a":0,"k":1},"lc":1,"lj":1,"ml":4,"nm":"Stroke 1","mn":"ADBE Vector Graphic - Stroke"},{"ty":"tr","p":{"a":0,"k":[15,15],"ix":2},"a":{"a":0,"k":[0,0],"ix":1},"s":{"a":0,"k":[100,100],"ix":3},"r":{"a":0,"k":0,"ix":6},"o":{"a":0,"k":100,"ix":7},"sk":{"a":0,"k":0,"ix":4},"sa":{"a":0,"k":0,"ix":5},"nm":"Transform"}],"nm":"Group 48","np":2,"cix":2,"ix":48,"mn":"ADBE Vector Group"}],"ip":0,"op":230,"st":0,"bm":0,"sr":1},{"ddd":0,"ind":2,"ty":4,"nm":"Checker Outlines","ks":{"o":{"a":0,"k":100},"r":{"a":0,"k":0},"p":{"a":0,"k":[131.817,171.725,0]},"a":{"a":0,"k":[22.562,22.633,0]},"s":{"a":1,"k":[{"i":{"x":[0.833,0.833,0.833],"y":[0.833,0.833,0.833]},"o":{"x":[0.167,0.167,0.167],"y":[0.167,0.167,0.167]},"n":["0p833_0p833_0p167_0p167","0p833_0p833_0p167_0p167","0p833_0p833_0p167_0p167"],"t":149,"s":[0,0,100],"e":[130,130,100]},{"i":{"x":[0.833,0.833,0.833],"y":[0.833,0.833,0.833]},"o":{"x":[0.167,0.167,0.167],"y":[0.167,0.167,0.167]},"n":["0p833_0p833_0p167_0p167","0p833_0p833_0p167_0p167","0p833_0p833_0p167_0p167"],"t":160,"s":[130,130,100],"e":[100,100,100]},{"t":166}]}},"ao":0,"shapes":[{"ty":"gr","it":[{"ind":0,"ty":"sh","ix":1,"ks":{"a":0,"k":{"i":[[0,0],[0,0],[0,0]],"o":[[0,0],[0,0],[0,0]],"v":[[-7.643,1.576],[-2.486,5.923],[7.643,-5.923]],"c":false}},"nm":"Path 1","mn":"ADBE Vector Shape - Group"},{"ty":"st","c":{"a":0,"k":[1,1,1,1]},"o":{"a":0,"k":100},"w":{"a":0,"k":1.991},"lc":2,"lj":1,"ml":4,"nm":"Stroke 1","mn":"ADBE Vector Graphic - Stroke"},{"ty":"tr","p":{"a":0,"k":[22.967,22.739],"ix":2},"a":{"a":0,"k":[0,0],"ix":1},"s":{"a":0,"k":[100,100],"ix":3},"r":{"a":0,"k":0,"ix":6},"o":{"a":0,"k":100,"ix":7},"sk":{"a":0,"k":0,"ix":4},"sa":{"a":0,"k":0,"ix":5},"nm":"Transform"}],"nm":"Group 1","np":2,"cix":2,"ix":1,"mn":"ADBE Vector Group"},{"ty":"gr","it":[{"ind":0,"ty":"sh","ix":1,"ks":{"a":0,"k":{"i":[[-12.322,0],[0,0],[0,-12.323],[0,0],[12.322,0],[0,12.322],[0,0]],"o":[[0,0],[12.322,0],[0,0],[0,12.322],[-12.322,0],[0,0],[0,-12.323]],"v":[[-0.001,-22.383],[-0.001,-22.383],[22.312,-0.071],[22.312,0.07],[-0.001,22.383],[-22.312,0.07],[-22.312,-0.071]],"c":true}},"nm":"Path 1","mn":"ADBE Vector Shape - Group"},{"ty":"fl","c":{"a":0,"k":[0.49411764705882355,0.8274509803921568,0.12941176470588237,1]},"o":{"a":0,"k":100},"r":1,"nm":"Fill 1","mn":"ADBE Vector Graphic - Fill"},{"ty":"tr","p":{"a":0,"k":[22.562,22.633],"ix":2},"a":{"a":0,"k":[0,0],"ix":1},"s":{"a":0,"k":[100,100],"ix":3},"r":{"a":0,"k":0,"ix":6},"o":{"a":0,"k":100,"ix":7},"sk":{"a":0,"k":0,"ix":4},"sa":{"a":0,"k":0,"ix":5},"nm":"Transform"}],"nm":"Group 2","np":2,"cix":2,"ix":2,"mn":"ADBE Vector Group"}],"ip":0,"op":230,"st":0,"bm":0,"sr":1},{"ddd":0,"ind":3,"ty":4,"nm":"Frame Outlines","ks":{"o":{"a":0,"k":100},"r":{"a":0,"k":0},"p":{"a":0,"k":[68.183,144.041,0]},"a":{"a":0,"k":[19.563,19.621,0]},"s":{"a":0,"k":[100,100,100]}},"ao":0,"shapes":[{"ty":"gr","it":[{"ind":0,"ty":"sh","ix":1,"ks":{"a":0,"k":{"i":[[0,0],[0,0],[-1.065,0],[0,0]],"o":[[0,0],[0,-1.064],[0,0],[0,0]],"v":[[-18.236,-11.025],[-18.236,-16.365],[-16.316,-18.294],[-10.782,-18.294]],"c":false}},"nm":"Path 1","mn":"ADBE Vector Shape - Group"},{"ind":1,"ty":"sh","ix":2,"ks":{"a":0,"k":{"i":[[0,0],[0,0],[0,1.06],[0,0]],"o":[[0,0],[-1.06,0],[0,0],[0,0]],"v":[[-10.853,18.294],[-16.316,18.294],[-18.236,16.367],[-18.236,10.73]],"c":false}},"nm":"Path 2","mn":"ADBE Vector Shape - Group"},{"ind":2,"ty":"sh","ix":3,"ks":{"a":0,"k":{"i":[[0,0],[0,0],[1.059,0],[0,0]],"o":[[0,0],[0,1.065],[0,0],[0,0]],"v":[[18.236,10.575],[18.236,16.367],[16.32,18.294],[10.361,18.294]],"c":false}},"nm":"Path 3","mn":"ADBE Vector Shape - Group"},{"ind":3,"ty":"sh","ix":4,"ks":{"a":0,"k":{"i":[[0,0],[0,0],[0,-1.06],[0,0]],"o":[[0,0],[1.062,0],[0,0],[0,0]],"v":[[10.696,-18.294],[16.314,-18.294],[18.236,-16.371],[18.236,-10.518]],"c":false}},"nm":"Path 4","mn":"ADBE Vector Shape - Group"},{"ty":"mm","mm":1,"nm":"Merge Paths 1","mn":"ADBE Vector Filter - Merge"},{"ty":"st","c":{"a":0,"k":[0.373,0.325,0.294,1]},"o":{"a":0,"k":100},"w":{"a":0,"k":1.327},"lc":1,"lj":1,"ml":4,"nm":"Stroke 1","mn":"ADBE Vector Graphic - Stroke"},{"ty":"tr","p":{"a":0,"k":[19.563,19.622],"ix":2},"a":{"a":0,"k":[0,0],"ix":1},"s":{"a":0,"k":[100,100],"ix":3},"r":{"a":0,"k":0,"ix":6},"o":{"a":0,"k":100,"ix":7},"sk":{"a":0,"k":0,"ix":4},"sa":{"a":0,"k":0,"ix":5},"nm":"Transform"}],"nm":"Group 1","np":6,"cix":2,"ix":1,"mn":"ADBE Vector Group"}],"ip":0,"op":230,"st":0,"bm":0,"sr":1},{"ddd":0,"ind":4,"ty":4,"nm":"Phone Outlines","ks":{"o":{"a":0,"k":100},"r":{"a":0,"k":0},"p":{"a":0,"k":[68.515,144.03,0]},"a":{"a":0,"k":[29.842,56.541,0]},"s":{"a":0,"k":[100,100,100]}},"ao":0,"shapes":[{"ty":"gr","it":[{"ind":0,"ty":"sh","ix":1,"ks":{"a":0,"k":{"i":[[-0.735,0],[0,0],[0,-0.735],[0.735,0],[0,0],[0,0.735]],"o":[[0,0],[0.735,0],[0,0.735],[0,0],[-0.735,0],[0,-0.735]],"v":[[-4.637,-1.331],[4.637,-1.331],[5.969,-0.001],[4.637,1.331],[-4.637,1.331],[-5.969,-0.001]],"c":true}},"nm":"Path 1","mn":"ADBE Vector Shape - Group"},{"ty":"fl","c":{"a":0,"k":[0.35294117647058826,0.35294117647058826,0.35294117647058826,1]},"o":{"a":0,"k":100},"r":1,"nm":"Fill 1","mn":"ADBE Vector Graphic - Fill"},{"ty":"tr","p":{"a":0,"k":[29.842,6.649],"ix":2},"a":{"a":0,"k":[0,0],"ix":1},"s":{"a":0,"k":[100,100],"ix":3},"r":{"a":0,"k":0,"ix":6},"o":{"a":0,"k":100,"ix":7},"sk":{"a":0,"k":0,"ix":4},"sa":{"a":0,"k":0,"ix":5},"nm":"Transform"}],"nm":"Group 1","np":2,"cix":2,"ix":1,"mn":"ADBE Vector Group"},{"ty":"gr","it":[{"ind":0,"ty":"sh","ix":1,"ks":{"a":0,"k":{"i":[[-1.838,0],[0,0],[0,-1.839],[1.838,0],[0,0],[0,1.838]],"o":[[0,0],[1.838,0],[0,1.838],[0,0],[-1.838,0],[0,-1.839]],"v":[[-1.313,-3.327],[1.314,-3.327],[4.641,0.001],[1.314,3.327],[-1.313,3.327],[-4.641,0.001]],"c":true}},"nm":"Path 1","mn":"ADBE Vector Shape - Group"},{"ty":"st","c":{"a":0,"k":[0.23921568627450981,0.2,0,1]},"o":{"a":0,"k":100},"w":{"a":0,"k":1.327},"lc":1,"lj":1,"ml":4,"nm":"Stroke 1","mn":"ADBE Vector Graphic - Stroke"},{"ty":"tr","p":{"a":0,"k":[29.632,105.318],"ix":2},"a":{"a":0,"k":[0,0],"ix":1},"s":{"a":0,"k":[100,100],"ix":3},"r":{"a":0,"k":0,"ix":6},"o":{"a":0,"k":100,"ix":7},"sk":{"a":0,"k":0,"ix":4},"sa":{"a":0,"k":0,"ix":5},"nm":"Transform"}],"nm":"Group 2","np":2,"cix":2,"ix":2,"mn":"ADBE Vector Group"},{"ty":"gr","it":[{"ind":0,"ty":"sh","ix":1,"ks":{"a":0,"k":{"i":[[-2.204,0],[0,0],[0,-2.204],[2.205,0],[0,0],[0,2.204]],"o":[[0,0],[2.205,0],[0,2.204],[0,0],[-2.204,0],[0,-2.204]],"v":[[-1.314,-3.991],[1.313,-3.991],[5.305,0],[1.313,3.991],[-1.314,3.991],[-5.305,0]],"c":true}},"nm":"Path 1","mn":"ADBE Vector Shape - Group"},{"ty":"fl","c":{"a":0,"k":[0.3333333333333333,0.3333333333333333,0.3333333333333333,1]},"o":{"a":0,"k":100},"r":1,"nm":"Fill 1","mn":"ADBE Vector Graphic - Fill"},{"ty":"tr","p":{"a":0,"k":[29.633,105.318],"ix":2},"a":{"a":0,"k":[0,0],"ix":1},"s":{"a":0,"k":[100,100],"ix":3},"r":{"a":0,"k":0,"ix":6},"o":{"a":0,"k":100,"ix":7},"sk":{"a":0,"k":0,"ix":4},"sa":{"a":0,"k":0,"ix":5},"nm":"Transform"}],"nm":"Group 3","np":2,"cix":2,"ix":3,"mn":"ADBE Vector Group"},{"ty":"gr","it":[{"ind":0,"ty":"sh","ix":1,"ks":{"a":0,"k":{"i":[[0,0],[0,0],[0,0],[0,0]],"o":[[0,0],[0,0],[0,0],[0,0]],"v":[[-24.536,-43.24],[24.536,-43.24],[24.536,43.24],[-24.536,43.24]],"c":true}},"nm":"Path 1","mn":"ADBE Vector Shape - Group"},{"ty":"st","c":{"a":0,"k":[1,1,1,1]},"o":{"a":0,"k":100},"w":{"a":0,"k":1.327},"lc":1,"lj":1,"ml":4,"nm":"Stroke 1","mn":"ADBE Vector Graphic - Stroke"},{"ty":"fl","c":{"a":0,"k":[1,1,1,1]},"o":{"a":0,"k":100},"r":1,"nm":"Fill 1","mn":"ADBE Vector Graphic - Fill"},{"ty":"tr","p":{"a":0,"k":[29.842,55.211],"ix":2},"a":{"a":0,"k":[0,0],"ix":1},"s":{"a":0,"k":[100,100],"ix":3},"r":{"a":0,"k":0,"ix":6},"o":{"a":0,"k":100,"ix":7},"sk":{"a":0,"k":0,"ix":4},"sa":{"a":0,"k":0,"ix":5},"nm":"Transform"}],"nm":"Group 4","np":3,"cix":2,"ix":4,"mn":"ADBE Vector Group"},{"ty":"gr","it":[{"ind":0,"ty":"sh","ix":1,"ks":{"a":0,"k":{"i":[[-3.665,0],[0,0],[0,-3.664],[0,0],[3.665,0],[0,0],[0,3.665],[0,0]],"o":[[0,0],[3.665,0],[0,0],[0,3.665],[0,0],[-3.665,0],[0,0],[0,-3.664]],"v":[[-21.879,-55.215],[21.879,-55.215],[28.515,-48.579],[28.515,48.579],[21.879,55.215],[-21.879,55.215],[-28.515,48.579],[-28.515,-48.579]],"c":true}},"nm":"Path 1","mn":"ADBE Vector Shape - Group"},{"ty":"st","c":{"a":0,"k":[1,1,1,1]},"o":{"a":0,"k":100},"w":{"a":0,"k":1.327},"lc":1,"lj":1,"ml":4,"nm":"Stroke 1","mn":"ADBE Vector Graphic - Stroke"},{"ty":"fl","c":{"a":0,"k":[0.12156862745098039,0.12156862745098039,0.12156862745098039,1]},"o":{"a":0,"k":100},"r":1,"nm":"Fill 1","mn":"ADBE Vector Graphic - Fill"},{"ty":"tr","p":{"a":0,"k":[29.842,56.541],"ix":2},"a":{"a":0,"k":[0,0],"ix":1},"s":{"a":0,"k":[100,100],"ix":3},"r":{"a":0,"k":0,"ix":6},"o":{"a":0,"k":100,"ix":7},"sk":{"a":0,"k":0,"ix":4},"sa":{"a":0,"k":0,"ix":5},"nm":"Transform"}],"nm":"Group 5","np":3,"cix":2,"ix":5,"mn":"ADBE Vector Group"}],"ip":0,"op":230,"st":0,"bm":0,"sr":1},{"ddd":0,"ind":5,"ty":4,"nm":"QR_L Outlines","parent":1,"ks":{"o":{"a":0,"k":100},"r":{"a":0,"k":0},"p":{"a":0,"k":[43,-42,0]},"a":{"a":0,"k":[30,30,0]},"s":{"a":0,"k":[100,100,100]}},"ao":0,"shapes":[{"ty":"gr","it":[{"ind":0,"ty":"sh","ix":1,"ks":{"a":0,"k":{"i":[[-0.221,0],[0,0],[0,-0.221],[0,0],[0.221,0],[0,0],[0,0.221],[0,0]],"o":[[0,0],[0.221,0],[0,0],[0,0.221],[0,0],[-0.221,0],[0,0],[0,-0.221]],"v":[[-0.6,-1],[0.599,-1],[1,-0.6],[1,0.6],[0.599,1],[-0.6,1],[-1,0.6],[-1,-0.6]],"c":true}},"nm":"Path 1","mn":"ADBE Vector Shape - Group"},{"ty":"fl","c":{"a":0,"k":[0.247,0.212,0.192,1]},"o":{"a":0,"k":100},"r":1,"nm":"Fill 1","mn":"ADBE Vector Graphic - Fill"},{"ty":"tr","p":{"a":0,"k":[49,49],"ix":2},"a":{"a":0,"k":[0,0],"ix":1},"s":{"a":0,"k":[100,100],"ix":3},"r":{"a":0,"k":0,"ix":6},"o":{"a":0,"k":100,"ix":7},"sk":{"a":0,"k":0,"ix":4},"sa":{"a":0,"k":0,"ix":5},"nm":"Transform"}],"nm":"Group 1","np":2,"cix":2,"ix":1,"mn":"ADBE Vector Group"},{"ty":"gr","it":[{"ind":0,"ty":"sh","ix":1,"ks":{"a":0,"k":{"i":[[-0.221,0],[0,0],[0,-0.221],[0,0],[0.221,0],[0,0],[0,0.221],[0,0]],"o":[[0,0],[0.221,0],[0,0],[0,0.221],[0,0],[-0.221,0],[0,0],[0,-0.221]],"v":[[-0.6,-1],[0.599,-1],[1,-0.6],[1,0.6],[0.599,1],[-0.6,1],[-1,0.6],[-1,-0.6]],"c":true}},"nm":"Path 1","mn":"ADBE Vector Shape - Group"},{"ty":"fl","c":{"a":0,"k":[0.247,0.212,0.192,1]},"o":{"a":0,"k":100},"r":1,"nm":"Fill 1","mn":"ADBE Vector Graphic - Fill"},{"ty":"tr","p":{"a":0,"k":[49,45],"ix":2},"a":{"a":0,"k":[0,0],"ix":1},"s":{"a":0,"k":[100,100],"ix":3},"r":{"a":0,"k":0,"ix":6},"o":{"a":0,"k":100,"ix":7},"sk":{"a":0,"k":0,"ix":4},"sa":{"a":0,"k":0,"ix":5},"nm":"Transform"}],"nm":"Group 2","np":2,"cix":2,"ix":2,"mn":"ADBE Vector Group"},{"ty":"gr","it":[{"ind":0,"ty":"sh","ix":1,"ks":{"a":0,"k":{"i":[[-0.221,0],[0,0],[0,-0.221],[0,0],[0.221,0],[0,0],[0,0.221],[0,0]],"o":[[0,0],[0.221,0],[0,0],[0,0.221],[0,0],[-0.221,0],[0,0],[0,-0.221]],"v":[[-0.6,-1],[0.599,-1],[1,-0.6],[1,0.6],[0.599,1],[-0.6,1],[-1,0.6],[-1,-0.6]],"c":true}},"nm":"Path 1","mn":"ADBE Vector Shape - Group"},{"ty":"fl","c":{"a":0,"k":[0.247,0.212,0.192,1]},"o":{"a":0,"k":100},"r":1,"nm":"Fill 1","mn":"ADBE Vector Graphic - Fill"},{"ty":"tr","p":{"a":0,"k":[49,41],"ix":2},"a":{"a":0,"k":[0,0],"ix":1},"s":{"a":0,"k":[100,100],"ix":3},"r":{"a":0,"k":0,"ix":6},"o":{"a":0,"k":100,"ix":7},"sk":{"a":0,"k":0,"ix":4},"sa":{"a":0,"k":0,"ix":5},"nm":"Transform"}],"nm":"Group 3","np":2,"cix":2,"ix":3,"mn":"ADBE Vector Group"},{"ty":"gr","it":[{"ind":0,"ty":"sh","ix":1,"ks":{"a":0,"k":{"i":[[-0.221,0],[0,0],[0,-0.221],[0,0],[0.221,0],[0,0],[0,0.221],[0,0]],"o":[[0,0],[0.221,0],[0,0],[0,0.221],[0,0],[-0.221,0],[0,0],[0,-0.221]],"v":[[-0.6,-1],[0.599,-1],[1,-0.6],[1,0.6],[0.599,1],[-0.6,1],[-1,0.6],[-1,-0.6]],"c":true}},"nm":"Path 1","mn":"ADBE Vector Shape - Group"},{"ty":"fl","c":{"a":0,"k":[0.247,0.212,0.192,1]},"o":{"a":0,"k":100},"r":1,"nm":"Fill 1","mn":"ADBE Vector Graphic - Fill"},{"ty":"tr","p":{"a":0,"k":[49,37],"ix":2},"a":{"a":0,"k":[0,0],"ix":1},"s":{"a":0,"k":[100,100],"ix":3},"r":{"a":0,"k":0,"ix":6},"o":{"a":0,"k":100,"ix":7},"sk":{"a":0,"k":0,"ix":4},"sa":{"a":0,"k":0,"ix":5},"nm":"Transform"}],"nm":"Group 4","np":2,"cix":2,"ix":4,"mn":"ADBE Vector Group"},{"ty":"gr","it":[{"ind":0,"ty":"sh","ix":1,"ks":{"a":0,"k":{"i":[[-0.221,0],[0,0],[0,-0.221],[0,0],[0.22,0],[0,0],[0,0.221],[0,0]],"o":[[0,0],[0.22,0],[0,0],[0,0.221],[0,0],[-0.221,0],[0,0],[0,-0.221]],"v":[[-0.6,-1],[0.6,-1],[1,-0.6],[1,0.6],[0.6,1],[-0.6,1],[-1,0.6],[-1,-0.6]],"c":true}},"nm":"Path 1","mn":"ADBE Vector Shape - Group"},{"ty":"fl","c":{"a":0,"k":[0.247,0.212,0.192,1]},"o":{"a":0,"k":100},"r":1,"nm":"Fill 1","mn":"ADBE Vector Graphic - Fill"},{"ty":"tr","p":{"a":0,"k":[45,49],"ix":2},"a":{"a":0,"k":[0,0],"ix":1},"s":{"a":0,"k":[100,100],"ix":3},"r":{"a":0,"k":0,"ix":6},"o":{"a":0,"k":100,"ix":7},"sk":{"a":0,"k":0,"ix":4},"sa":{"a":0,"k":0,"ix":5},"nm":"Transform"}],"nm":"Group 5","np":2,"cix":2,"ix":5,"mn":"ADBE Vector Group"},{"ty":"gr","it":[{"ind":0,"ty":"sh","ix":1,"ks":{"a":0,"k":{"i":[[-0.221,0],[0,0],[0,-0.221],[0,0],[0.22,0],[0,0],[0,0.221],[0,0]],"o":[[0,0],[0.22,0],[0,0],[0,0.221],[0,0],[-0.221,0],[0,0],[0,-0.221]],"v":[[-0.6,-1],[0.6,-1],[1,-0.6],[1,0.6],[0.6,1],[-0.6,1],[-1,0.6],[-1,-0.6]],"c":true}},"nm":"Path 1","mn":"ADBE Vector Shape - Group"},{"ty":"fl","c":{"a":0,"k":[0.247,0.212,0.192,1]},"o":{"a":0,"k":100},"r":1,"nm":"Fill 1","mn":"ADBE Vector Graphic - Fill"},{"ty":"tr","p":{"a":0,"k":[45,45],"ix":2},"a":{"a":0,"k":[0,0],"ix":1},"s":{"a":0,"k":[100,100],"ix":3},"r":{"a":0,"k":0,"ix":6},"o":{"a":0,"k":100,"ix":7},"sk":{"a":0,"k":0,"ix":4},"sa":{"a":0,"k":0,"ix":5},"nm":"Transform"}],"nm":"Group 6","np":2,"cix":2,"ix":6,"mn":"ADBE Vector Group"},{"ty":"gr","it":[{"ind":0,"ty":"sh","ix":1,"ks":{"a":0,"k":{"i":[[-0.221,0],[0,0],[0,-0.221],[0,0],[0.22,0],[0,0],[0,0.221],[0,0]],"o":[[0,0],[0.22,0],[0,0],[0,0.221],[0,0],[-0.221,0],[0,0],[0,-0.221]],"v":[[-0.6,-1],[0.6,-1],[1,-0.6],[1,0.6],[0.6,1],[-0.6,1],[-1,0.6],[-1,-0.6]],"c":true}},"nm":"Path 1","mn":"ADBE Vector Shape - Group"},{"ty":"fl","c":{"a":0,"k":[0.247,0.212,0.192,1]},"o":{"a":0,"k":100},"r":1,"nm":"Fill 1","mn":"ADBE Vector Graphic - Fill"},{"ty":"tr","p":{"a":0,"k":[45,41],"ix":2},"a":{"a":0,"k":[0,0],"ix":1},"s":{"a":0,"k":[100,100],"ix":3},"r":{"a":0,"k":0,"ix":6},"o":{"a":0,"k":100,"ix":7},"sk":{"a":0,"k":0,"ix":4},"sa":{"a":0,"k":0,"ix":5},"nm":"Transform"}],"nm":"Group 7","np":2,"cix":2,"ix":7,"mn":"ADBE Vector Group"},{"ty":"gr","it":[{"ind":0,"ty":"sh","ix":1,"ks":{"a":0,"k":{"i":[[-0.221,0],[0,0],[0,-0.221],[0,0],[0.22,0],[0,0],[0,0.221],[0,0]],"o":[[0,0],[0.22,0],[0,0],[0,0.221],[0,0],[-0.221,0],[0,0],[0,-0.221]],"v":[[-0.6,-1],[0.6,-1],[1,-0.6],[1,0.6],[0.6,1],[-0.6,1],[-1,0.6],[-1,-0.6]],"c":true}},"nm":"Path 1","mn":"ADBE Vector Shape - Group"},{"ty":"fl","c":{"a":0,"k":[0.247,0.212,0.192,1]},"o":{"a":0,"k":100},"r":1,"nm":"Fill 1","mn":"ADBE Vector Graphic - Fill"},{"ty":"tr","p":{"a":0,"k":[45,37],"ix":2},"a":{"a":0,"k":[0,0],"ix":1},"s":{"a":0,"k":[100,100],"ix":3},"r":{"a":0,"k":0,"ix":6},"o":{"a":0,"k":100,"ix":7},"sk":{"a":0,"k":0,"ix":4},"sa":{"a":0,"k":0,"ix":5},"nm":"Transform"}],"nm":"Group 8","np":2,"cix":2,"ix":8,"mn":"ADBE Vector Group"},{"ty":"gr","it":[{"ind":0,"ty":"sh","ix":1,"ks":{"a":0,"k":{"i":[[-0.221,0],[0,0],[0,-0.221],[0,0],[0.221,0],[0,0],[0,0.221],[0,0]],"o":[[0,0],[0.221,0],[0,0],[0,0.221],[0,0],[-0.221,0],[0,0],[0,-0.221]],"v":[[-0.6,-1],[0.6,-1],[1,-0.6],[1,0.6],[0.6,1],[-0.6,1],[-1,0.6],[-1,-0.6]],"c":true}},"nm":"Path 1","mn":"ADBE Vector Shape - Group"},{"ty":"fl","c":{"a":0,"k":[0.247,0.212,0.192,1]},"o":{"a":0,"k":100},"r":1,"nm":"Fill 1","mn":"ADBE Vector Graphic - Fill"},{"ty":"tr","p":{"a":0,"k":[41,49],"ix":2},"a":{"a":0,"k":[0,0],"ix":1},"s":{"a":0,"k":[100,100],"ix":3},"r":{"a":0,"k":0,"ix":6},"o":{"a":0,"k":100,"ix":7},"sk":{"a":0,"k":0,"ix":4},"sa":{"a":0,"k":0,"ix":5},"nm":"Transform"}],"nm":"Group 9","np":2,"cix":2,"ix":9,"mn":"ADBE Vector Group"},{"ty":"gr","it":[{"ind":0,"ty":"sh","ix":1,"ks":{"a":0,"k":{"i":[[-0.221,0],[0,0],[0,-0.221],[0,0],[0.221,0],[0,0],[0,0.221],[0,0]],"o":[[0,0],[0.221,0],[0,0],[0,0.221],[0,0],[-0.221,0],[0,0],[0,-0.221]],"v":[[-0.6,-1],[0.6,-1],[1,-0.6],[1,0.6],[0.6,1],[-0.6,1],[-1,0.6],[-1,-0.6]],"c":true}},"nm":"Path 1","mn":"ADBE Vector Shape - Group"},{"ty":"fl","c":{"a":0,"k":[0.247,0.212,0.192,1]},"o":{"a":0,"k":100},"r":1,"nm":"Fill 1","mn":"ADBE Vector Graphic - Fill"},{"ty":"tr","p":{"a":0,"k":[41,45],"ix":2},"a":{"a":0,"k":[0,0],"ix":1},"s":{"a":0,"k":[100,100],"ix":3},"r":{"a":0,"k":0,"ix":6},"o":{"a":0,"k":100,"ix":7},"sk":{"a":0,"k":0,"ix":4},"sa":{"a":0,"k":0,"ix":5},"nm":"Transform"}],"nm":"Group 10","np":2,"cix":2,"ix":10,"mn":"ADBE Vector Group"},{"ty":"gr","it":[{"ind":0,"ty":"sh","ix":1,"ks":{"a":0,"k":{"i":[[-0.221,0],[0,0],[0,-0.221],[0,0],[0.221,0],[0,0],[0,0.221],[0,0]],"o":[[0,0],[0.221,0],[0,0],[0,0.221],[0,0],[-0.221,0],[0,0],[0,-0.221]],"v":[[-0.6,-1],[0.6,-1],[1,-0.6],[1,0.6],[0.6,1],[-0.6,1],[-1,0.6],[-1,-0.6]],"c":true}},"nm":"Path 1","mn":"ADBE Vector Shape - Group"},{"ty":"fl","c":{"a":0,"k":[0.247,0.212,0.192,1]},"o":{"a":0,"k":100},"r":1,"nm":"Fill 1","mn":"ADBE Vector Graphic - Fill"},{"ty":"tr","p":{"a":0,"k":[41,41],"ix":2},"a":{"a":0,"k":[0,0],"ix":1},"s":{"a":0,"k":[100,100],"ix":3},"r":{"a":0,"k":0,"ix":6},"o":{"a":0,"k":100,"ix":7},"sk":{"a":0,"k":0,"ix":4},"sa":{"a":0,"k":0,"ix":5},"nm":"Transform"}],"nm":"Group 11","np":2,"cix":2,"ix":11,"mn":"ADBE Vector Group"},{"ty":"gr","it":[{"ind":0,"ty":"sh","ix":1,"ks":{"a":0,"k":{"i":[[-0.221,0],[0,0],[0,-0.221],[0,0],[0.221,0],[0,0],[0,0.221],[0,0]],"o":[[0,0],[0.221,0],[0,0],[0,0.221],[0,0],[-0.221,0],[0,0],[0,-0.221]],"v":[[-0.6,-1],[0.6,-1],[1,-0.6],[1,0.6],[0.6,1],[-0.6,1],[-1,0.6],[-1,-0.6]],"c":true}},"nm":"Path 1","mn":"ADBE Vector Shape - Group"},{"ty":"fl","c":{"a":0,"k":[0.247,0.212,0.192,1]},"o":{"a":0,"k":100},"r":1,"nm":"Fill 1","mn":"ADBE Vector Graphic - Fill"},{"ty":"tr","p":{"a":0,"k":[41,37],"ix":2},"a":{"a":0,"k":[0,0],"ix":1},"s":{"a":0,"k":[100,100],"ix":3},"r":{"a":0,"k":0,"ix":6},"o":{"a":0,"k":100,"ix":7},"sk":{"a":0,"k":0,"ix":4},"sa":{"a":0,"k":0,"ix":5},"nm":"Transform"}],"nm":"Group 12","np":2,"cix":2,"ix":12,"mn":"ADBE Vector Group"},{"ty":"gr","it":[{"ind":0,"ty":"sh","ix":1,"ks":{"a":0,"k":{"i":[[-0.221,0],[0,0],[0,-0.221],[0,0],[0.221,0],[0,0],[0,0.221],[0,0]],"o":[[0,0],[0.221,0],[0,0],[0,0.221],[0,0],[-0.221,0],[0,0],[0,-0.221]],"v":[[-0.6,-1],[0.6,-1],[1,-0.6],[1,0.6],[0.6,1],[-0.6,1],[-1,0.6],[-1,-0.6]],"c":true}},"nm":"Path 1","mn":"ADBE Vector Shape - Group"},{"ty":"fl","c":{"a":0,"k":[0.247,0.212,0.192,1]},"o":{"a":0,"k":100},"r":1,"nm":"Fill 1","mn":"ADBE Vector Graphic - Fill"},{"ty":"tr","p":{"a":0,"k":[37,49],"ix":2},"a":{"a":0,"k":[0,0],"ix":1},"s":{"a":0,"k":[100,100],"ix":3},"r":{"a":0,"k":0,"ix":6},"o":{"a":0,"k":100,"ix":7},"sk":{"a":0,"k":0,"ix":4},"sa":{"a":0,"k":0,"ix":5},"nm":"Transform"}],"nm":"Group 13","np":2,"cix":2,"ix":13,"mn":"ADBE Vector Group"},{"ty":"gr","it":[{"ind":0,"ty":"sh","ix":1,"ks":{"a":0,"k":{"i":[[-0.221,0],[0,0],[0,-0.221],[0,0],[0.221,0],[0,0],[0,0.221],[0,0]],"o":[[0,0],[0.221,0],[0,0],[0,0.221],[0,0],[-0.221,0],[0,0],[0,-0.221]],"v":[[-0.6,-1],[0.6,-1],[1,-0.6],[1,0.6],[0.6,1],[-0.6,1],[-1,0.6],[-1,-0.6]],"c":true}},"nm":"Path 1","mn":"ADBE Vector Shape - Group"},{"ty":"fl","c":{"a":0,"k":[0.247,0.212,0.192,1]},"o":{"a":0,"k":100},"r":1,"nm":"Fill 1","mn":"ADBE Vector Graphic - Fill"},{"ty":"tr","p":{"a":0,"k":[37,45],"ix":2},"a":{"a":0,"k":[0,0],"ix":1},"s":{"a":0,"k":[100,100],"ix":3},"r":{"a":0,"k":0,"ix":6},"o":{"a":0,"k":100,"ix":7},"sk":{"a":0,"k":0,"ix":4},"sa":{"a":0,"k":0,"ix":5},"nm":"Transform"}],"nm":"Group 14","np":2,"cix":2,"ix":14,"mn":"ADBE Vector Group"},{"ty":"gr","it":[{"ind":0,"ty":"sh","ix":1,"ks":{"a":0,"k":{"i":[[-0.221,0],[0,0],[0,-0.221],[0,0],[0.221,0],[0,0],[0,0.221],[0,0]],"o":[[0,0],[0.221,0],[0,0],[0,0.221],[0,0],[-0.221,0],[0,0],[0,-0.221]],"v":[[-0.6,-1],[0.6,-1],[1,-0.6],[1,0.6],[0.6,1],[-0.6,1],[-1,0.6],[-1,-0.6]],"c":true}},"nm":"Path 1","mn":"ADBE Vector Shape - Group"},{"ty":"fl","c":{"a":0,"k":[0.247,0.212,0.192,1]},"o":{"a":0,"k":100},"r":1,"nm":"Fill 1","mn":"ADBE Vector Graphic - Fill"},{"ty":"tr","p":{"a":0,"k":[37,41],"ix":2},"a":{"a":0,"k":[0,0],"ix":1},"s":{"a":0,"k":[100,100],"ix":3},"r":{"a":0,"k":0,"ix":6},"o":{"a":0,"k":100,"ix":7},"sk":{"a":0,"k":0,"ix":4},"sa":{"a":0,"k":0,"ix":5},"nm":"Transform"}],"nm":"Group 15","np":2,"cix":2,"ix":15,"mn":"ADBE Vector Group"},{"ty":"gr","it":[{"ind":0,"ty":"sh","ix":1,"ks":{"a":0,"k":{"i":[[-0.221,0],[0,0],[0,-0.221],[0,0],[0.221,0],[0,0],[0,0.221],[0,0]],"o":[[0,0],[0.221,0],[0,0],[0,0.221],[0,0],[-0.221,0],[0,0],[0,-0.221]],"v":[[-0.6,-1],[0.6,-1],[1,-0.6],[1,0.6],[0.6,1],[-0.6,1],[-1,0.6],[-1,-0.6]],"c":true}},"nm":"Path 1","mn":"ADBE Vector Shape - Group"},{"ty":"fl","c":{"a":0,"k":[0.247,0.212,0.192,1]},"o":{"a":0,"k":100},"r":1,"nm":"Fill 1","mn":"ADBE Vector Graphic - Fill"},{"ty":"tr","p":{"a":0,"k":[37,37],"ix":2},"a":{"a":0,"k":[0,0],"ix":1},"s":{"a":0,"k":[100,100],"ix":3},"r":{"a":0,"k":0,"ix":6},"o":{"a":0,"k":100,"ix":7},"sk":{"a":0,"k":0,"ix":4},"sa":{"a":0,"k":0,"ix":5},"nm":"Transform"}],"nm":"Group 16","np":2,"cix":2,"ix":16,"mn":"ADBE Vector Group"},{"ty":"gr","it":[{"ind":0,"ty":"sh","ix":1,"ks":{"a":0,"k":{"i":[[-0.221,0],[0,0],[0,-0.221],[0,0],[0.221,0],[0,0],[0,0.221],[0,0]],"o":[[0,0],[0.221,0],[0,0],[0,0.221],[0,0],[-0.221,0],[0,0],[0,-0.221]],"v":[[-0.6,-1],[0.599,-1],[1,-0.6],[1,0.6],[0.599,1],[-0.6,1],[-1,0.6],[-1,-0.6]],"c":true}},"nm":"Path 1","mn":"ADBE Vector Shape - Group"},{"ty":"fl","c":{"a":0,"k":[0.247,0.212,0.192,1]},"o":{"a":0,"k":100},"r":1,"nm":"Fill 1","mn":"ADBE Vector Graphic - Fill"},{"ty":"tr","p":{"a":0,"k":[51,51],"ix":2},"a":{"a":0,"k":[0,0],"ix":1},"s":{"a":0,"k":[100,100],"ix":3},"r":{"a":0,"k":0,"ix":6},"o":{"a":0,"k":100,"ix":7},"sk":{"a":0,"k":0,"ix":4},"sa":{"a":0,"k":0,"ix":5},"nm":"Transform"}],"nm":"Group 17","np":2,"cix":2,"ix":17,"mn":"ADBE Vector Group"},{"ty":"gr","it":[{"ind":0,"ty":"sh","ix":1,"ks":{"a":0,"k":{"i":[[-0.221,0],[0,0],[0,-0.221],[0,0],[0.221,0],[0,0],[0,0.221],[0,0]],"o":[[0,0],[0.221,0],[0,0],[0,0.221],[0,0],[-0.221,0],[0,0],[0,-0.221]],"v":[[-0.6,-1],[0.599,-1],[1,-0.6],[1,0.6],[0.599,1],[-0.6,1],[-1,0.6],[-1,-0.6]],"c":true}},"nm":"Path 1","mn":"ADBE Vector Shape - Group"},{"ty":"fl","c":{"a":0,"k":[0.247,0.212,0.192,1]},"o":{"a":0,"k":100},"r":1,"nm":"Fill 1","mn":"ADBE Vector Graphic - Fill"},{"ty":"tr","p":{"a":0,"k":[51,47],"ix":2},"a":{"a":0,"k":[0,0],"ix":1},"s":{"a":0,"k":[100,100],"ix":3},"r":{"a":0,"k":0,"ix":6},"o":{"a":0,"k":100,"ix":7},"sk":{"a":0,"k":0,"ix":4},"sa":{"a":0,"k":0,"ix":5},"nm":"Transform"}],"nm":"Group 18","np":2,"cix":2,"ix":18,"mn":"ADBE Vector Group"},{"ty":"gr","it":[{"ind":0,"ty":"sh","ix":1,"ks":{"a":0,"k":{"i":[[-0.221,0],[0,0],[0,-0.221],[0,0],[0.221,0],[0,0],[0,0.221],[0,0]],"o":[[0,0],[0.221,0],[0,0],[0,0.221],[0,0],[-0.221,0],[0,0],[0,-0.221]],"v":[[-0.6,-1],[0.599,-1],[1,-0.6],[1,0.6],[0.599,1],[-0.6,1],[-1,0.6],[-1,-0.6]],"c":true}},"nm":"Path 1","mn":"ADBE Vector Shape - Group"},{"ty":"fl","c":{"a":0,"k":[0.247,0.212,0.192,1]},"o":{"a":0,"k":100},"r":1,"nm":"Fill 1","mn":"ADBE Vector Graphic - Fill"},{"ty":"tr","p":{"a":0,"k":[51,43],"ix":2},"a":{"a":0,"k":[0,0],"ix":1},"s":{"a":0,"k":[100,100],"ix":3},"r":{"a":0,"k":0,"ix":6},"o":{"a":0,"k":100,"ix":7},"sk":{"a":0,"k":0,"ix":4},"sa":{"a":0,"k":0,"ix":5},"nm":"Transform"}],"nm":"Group 19","np":2,"cix":2,"ix":19,"mn":"ADBE Vector Group"},{"ty":"gr","it":[{"ind":0,"ty":"sh","ix":1,"ks":{"a":0,"k":{"i":[[-0.221,0],[0,0],[0,-0.221],[0,0],[0.221,0],[0,0],[0,0.221],[0,0]],"o":[[0,0],[0.221,0],[0,0],[0,0.221],[0,0],[-0.221,0],[0,0],[0,-0.221]],"v":[[-0.6,-1],[0.599,-1],[1,-0.6],[1,0.6],[0.599,1],[-0.6,1],[-1,0.6],[-1,-0.6]],"c":true}},"nm":"Path 1","mn":"ADBE Vector Shape - Group"},{"ty":"fl","c":{"a":0,"k":[0.247,0.212,0.192,1]},"o":{"a":0,"k":100},"r":1,"nm":"Fill 1","mn":"ADBE Vector Graphic - Fill"},{"ty":"tr","p":{"a":0,"k":[51,39],"ix":2},"a":{"a":0,"k":[0,0],"ix":1},"s":{"a":0,"k":[100,100],"ix":3},"r":{"a":0,"k":0,"ix":6},"o":{"a":0,"k":100,"ix":7},"sk":{"a":0,"k":0,"ix":4},"sa":{"a":0,"k":0,"ix":5},"nm":"Transform"}],"nm":"Group 20","np":2,"cix":2,"ix":20,"mn":"ADBE Vector Group"},{"ty":"gr","it":[{"ind":0,"ty":"sh","ix":1,"ks":{"a":0,"k":{"i":[[-0.221,0],[0,0],[0,-0.221],[0,0],[0.221,0],[0,0],[0,0.221],[0,0]],"o":[[0,0],[0.221,0],[0,0],[0,0.221],[0,0],[-0.221,0],[0,0],[0,-0.221]],"v":[[-0.6,-1],[0.599,-1],[1,-0.6],[1,0.6],[0.599,1],[-0.6,1],[-1,0.6],[-1,-0.6]],"c":true}},"nm":"Path 1","mn":"ADBE Vector Shape - Group"},{"ty":"fl","c":{"a":0,"k":[0.247,0.212,0.192,1]},"o":{"a":0,"k":100},"r":1,"nm":"Fill 1","mn":"ADBE Vector Graphic - Fill"},{"ty":"tr","p":{"a":0,"k":[51,35],"ix":2},"a":{"a":0,"k":[0,0],"ix":1},"s":{"a":0,"k":[100,100],"ix":3},"r":{"a":0,"k":0,"ix":6},"o":{"a":0,"k":100,"ix":7},"sk":{"a":0,"k":0,"ix":4},"sa":{"a":0,"k":0,"ix":5},"nm":"Transform"}],"nm":"Group 21","np":2,"cix":2,"ix":21,"mn":"ADBE Vector Group"},{"ty":"gr","it":[{"ind":0,"ty":"sh","ix":1,"ks":{"a":0,"k":{"i":[[-0.221,0],[0,0],[0,-0.221],[0,0],[0.221,0],[0,0],[0,0.221],[0,0]],"o":[[0,0],[0.221,0],[0,0],[0,0.221],[0,0],[-0.221,0],[0,0],[0,-0.221]],"v":[[-0.6,-1],[0.599,-1],[1,-0.6],[1,0.6],[0.599,1],[-0.6,1],[-1,0.6],[-1,-0.6]],"c":true}},"nm":"Path 1","mn":"ADBE Vector Shape - Group"},{"ty":"fl","c":{"a":0,"k":[0.247,0.212,0.192,1]},"o":{"a":0,"k":100},"r":1,"nm":"Fill 1","mn":"ADBE Vector Graphic - Fill"},{"ty":"tr","p":{"a":0,"k":[47,51],"ix":2},"a":{"a":0,"k":[0,0],"ix":1},"s":{"a":0,"k":[100,100],"ix":3},"r":{"a":0,"k":0,"ix":6},"o":{"a":0,"k":100,"ix":7},"sk":{"a":0,"k":0,"ix":4},"sa":{"a":0,"k":0,"ix":5},"nm":"Transform"}],"nm":"Group 22","np":2,"cix":2,"ix":22,"mn":"ADBE Vector Group"},{"ty":"gr","it":[{"ind":0,"ty":"sh","ix":1,"ks":{"a":0,"k":{"i":[[-0.221,0],[0,0],[0,-0.221],[0,0],[0.221,0],[0,0],[0,0.221],[0,0]],"o":[[0,0],[0.221,0],[0,0],[0,0.221],[0,0],[-0.221,0],[0,0],[0,-0.221]],"v":[[-0.6,-1],[0.599,-1],[1,-0.6],[1,0.6],[0.599,1],[-0.6,1],[-1,0.6],[-1,-0.6]],"c":true}},"nm":"Path 1","mn":"ADBE Vector Shape - Group"},{"ty":"fl","c":{"a":0,"k":[0.247,0.212,0.192,1]},"o":{"a":0,"k":100},"r":1,"nm":"Fill 1","mn":"ADBE Vector Graphic - Fill"},{"ty":"tr","p":{"a":0,"k":[47,47],"ix":2},"a":{"a":0,"k":[0,0],"ix":1},"s":{"a":0,"k":[100,100],"ix":3},"r":{"a":0,"k":0,"ix":6},"o":{"a":0,"k":100,"ix":7},"sk":{"a":0,"k":0,"ix":4},"sa":{"a":0,"k":0,"ix":5},"nm":"Transform"}],"nm":"Group 23","np":2,"cix":2,"ix":23,"mn":"ADBE Vector Group"},{"ty":"gr","it":[{"ind":0,"ty":"sh","ix":1,"ks":{"a":0,"k":{"i":[[-0.221,0],[0,0],[0,-0.221],[0,0],[0.221,0],[0,0],[0,0.221],[0,0]],"o":[[0,0],[0.221,0],[0,0],[0,0.221],[0,0],[-0.221,0],[0,0],[0,-0.221]],"v":[[-0.6,-1],[0.599,-1],[1,-0.6],[1,0.6],[0.599,1],[-0.6,1],[-1,0.6],[-1,-0.6]],"c":true}},"nm":"Path 1","mn":"ADBE Vector Shape - Group"},{"ty":"fl","c":{"a":0,"k":[0.247,0.212,0.192,1]},"o":{"a":0,"k":100},"r":1,"nm":"Fill 1","mn":"ADBE Vector Graphic - Fill"},{"ty":"tr","p":{"a":0,"k":[47,43],"ix":2},"a":{"a":0,"k":[0,0],"ix":1},"s":{"a":0,"k":[100,100],"ix":3},"r":{"a":0,"k":0,"ix":6},"o":{"a":0,"k":100,"ix":7},"sk":{"a":0,"k":0,"ix":4},"sa":{"a":0,"k":0,"ix":5},"nm":"Transform"}],"nm":"Group 24","np":2,"cix":2,"ix":24,"mn":"ADBE Vector Group"},{"ty":"gr","it":[{"ind":0,"ty":"sh","ix":1,"ks":{"a":0,"k":{"i":[[-0.221,0],[0,0],[0,-0.221],[0,0],[0.221,0],[0,0],[0,0.221],[0,0]],"o":[[0,0],[0.221,0],[0,0],[0,0.221],[0,0],[-0.221,0],[0,0],[0,-0.221]],"v":[[-0.6,-1],[0.599,-1],[1,-0.6],[1,0.6],[0.599,1],[-0.6,1],[-1,0.6],[-1,-0.6]],"c":true}},"nm":"Path 1","mn":"ADBE Vector Shape - Group"},{"ty":"fl","c":{"a":0,"k":[0.247,0.212,0.192,1]},"o":{"a":0,"k":100},"r":1,"nm":"Fill 1","mn":"ADBE Vector Graphic - Fill"},{"ty":"tr","p":{"a":0,"k":[47,39],"ix":2},"a":{"a":0,"k":[0,0],"ix":1},"s":{"a":0,"k":[100,100],"ix":3},"r":{"a":0,"k":0,"ix":6},"o":{"a":0,"k":100,"ix":7},"sk":{"a":0,"k":0,"ix":4},"sa":{"a":0,"k":0,"ix":5},"nm":"Transform"}],"nm":"Group 25","np":2,"cix":2,"ix":25,"mn":"ADBE Vector Group"},{"ty":"gr","it":[{"ind":0,"ty":"sh","ix":1,"ks":{"a":0,"k":{"i":[[-0.221,0],[0,0],[0,-0.221],[0,0],[0.221,0],[0,0],[0,0.221],[0,0]],"o":[[0,0],[0.221,0],[0,0],[0,0.221],[0,0],[-0.221,0],[0,0],[0,-0.221]],"v":[[-0.6,-1],[0.599,-1],[1,-0.6],[1,0.6],[0.599,1],[-0.6,1],[-1,0.6],[-1,-0.6]],"c":true}},"nm":"Path 1","mn":"ADBE Vector Shape - Group"},{"ty":"fl","c":{"a":0,"k":[0.247,0.212,0.192,1]},"o":{"a":0,"k":100},"r":1,"nm":"Fill 1","mn":"ADBE Vector Graphic - Fill"},{"ty":"tr","p":{"a":0,"k":[47,35],"ix":2},"a":{"a":0,"k":[0,0],"ix":1},"s":{"a":0,"k":[100,100],"ix":3},"r":{"a":0,"k":0,"ix":6},"o":{"a":0,"k":100,"ix":7},"sk":{"a":0,"k":0,"ix":4},"sa":{"a":0,"k":0,"ix":5},"nm":"Transform"}],"nm":"Group 26","np":2,"cix":2,"ix":26,"mn":"ADBE Vector Group"},{"ty":"gr","it":[{"ind":0,"ty":"sh","ix":1,"ks":{"a":0,"k":{"i":[[-0.221,0],[0,0],[0,-0.221],[0,0],[0.221,0],[0,0],[0,0.221],[0,0]],"o":[[0,0],[0.221,0],[0,0],[0,0.221],[0,0],[-0.221,0],[0,0],[0,-0.221]],"v":[[-0.6,-1],[0.6,-1],[1,-0.6],[1,0.6],[0.6,1],[-0.6,1],[-1,0.6],[-1,-0.6]],"c":true}},"nm":"Path 1","mn":"ADBE Vector Shape - Group"},{"ty":"fl","c":{"a":0,"k":[0.247,0.212,0.192,1]},"o":{"a":0,"k":100},"r":1,"nm":"Fill 1","mn":"ADBE Vector Graphic - Fill"},{"ty":"tr","p":{"a":0,"k":[43,51],"ix":2},"a":{"a":0,"k":[0,0],"ix":1},"s":{"a":0,"k":[100,100],"ix":3},"r":{"a":0,"k":0,"ix":6},"o":{"a":0,"k":100,"ix":7},"sk":{"a":0,"k":0,"ix":4},"sa":{"a":0,"k":0,"ix":5},"nm":"Transform"}],"nm":"Group 27","np":2,"cix":2,"ix":27,"mn":"ADBE Vector Group"},{"ty":"gr","it":[{"ind":0,"ty":"sh","ix":1,"ks":{"a":0,"k":{"i":[[-0.221,0],[0,0],[0,-0.221],[0,0],[0.221,0],[0,0],[0,0.221],[0,0]],"o":[[0,0],[0.221,0],[0,0],[0,0.221],[0,0],[-0.221,0],[0,0],[0,-0.221]],"v":[[-0.6,-1],[0.6,-1],[1,-0.6],[1,0.6],[0.6,1],[-0.6,1],[-1,0.6],[-1,-0.6]],"c":true}},"nm":"Path 1","mn":"ADBE Vector Shape - Group"},{"ty":"fl","c":{"a":0,"k":[0.247,0.212,0.192,1]},"o":{"a":0,"k":100},"r":1,"nm":"Fill 1","mn":"ADBE Vector Graphic - Fill"},{"ty":"tr","p":{"a":0,"k":[43,47],"ix":2},"a":{"a":0,"k":[0,0],"ix":1},"s":{"a":0,"k":[100,100],"ix":3},"r":{"a":0,"k":0,"ix":6},"o":{"a":0,"k":100,"ix":7},"sk":{"a":0,"k":0,"ix":4},"sa":{"a":0,"k":0,"ix":5},"nm":"Transform"}],"nm":"Group 28","np":2,"cix":2,"ix":28,"mn":"ADBE Vector Group"},{"ty":"gr","it":[{"ind":0,"ty":"sh","ix":1,"ks":{"a":0,"k":{"i":[[-0.221,0],[0,0],[0,-0.221],[0,0],[0.221,0],[0,0],[0,0.221],[0,0]],"o":[[0,0],[0.221,0],[0,0],[0,0.221],[0,0],[-0.221,0],[0,0],[0,-0.221]],"v":[[-0.6,-1],[0.6,-1],[1,-0.6],[1,0.6],[0.6,1],[-0.6,1],[-1,0.6],[-1,-0.6]],"c":true}},"nm":"Path 1","mn":"ADBE Vector Shape - Group"},{"ty":"fl","c":{"a":0,"k":[0.247,0.212,0.192,1]},"o":{"a":0,"k":100},"r":1,"nm":"Fill 1","mn":"ADBE Vector Graphic - Fill"},{"ty":"tr","p":{"a":0,"k":[43,43],"ix":2},"a":{"a":0,"k":[0,0],"ix":1},"s":{"a":0,"k":[100,100],"ix":3},"r":{"a":0,"k":0,"ix":6},"o":{"a":0,"k":100,"ix":7},"sk":{"a":0,"k":0,"ix":4},"sa":{"a":0,"k":0,"ix":5},"nm":"Transform"}],"nm":"Group 29","np":2,"cix":2,"ix":29,"mn":"ADBE Vector Group"},{"ty":"gr","it":[{"ind":0,"ty":"sh","ix":1,"ks":{"a":0,"k":{"i":[[-0.221,0],[0,0],[0,-0.221],[0,0],[0.221,0],[0,0],[0,0.221],[0,0]],"o":[[0,0],[0.221,0],[0,0],[0,0.221],[0,0],[-0.221,0],[0,0],[0,-0.221]],"v":[[-0.6,-1],[0.6,-1],[1,-0.6],[1,0.6],[0.6,1],[-0.6,1],[-1,0.6],[-1,-0.6]],"c":true}},"nm":"Path 1","mn":"ADBE Vector Shape - Group"},{"ty":"fl","c":{"a":0,"k":[0.247,0.212,0.192,1]},"o":{"a":0,"k":100},"r":1,"nm":"Fill 1","mn":"ADBE Vector Graphic - Fill"},{"ty":"tr","p":{"a":0,"k":[43,39],"ix":2},"a":{"a":0,"k":[0,0],"ix":1},"s":{"a":0,"k":[100,100],"ix":3},"r":{"a":0,"k":0,"ix":6},"o":{"a":0,"k":100,"ix":7},"sk":{"a":0,"k":0,"ix":4},"sa":{"a":0,"k":0,"ix":5},"nm":"Transform"}],"nm":"Group 30","np":2,"cix":2,"ix":30,"mn":"ADBE Vector Group"},{"ty":"gr","it":[{"ind":0,"ty":"sh","ix":1,"ks":{"a":0,"k":{"i":[[-0.221,0],[0,0],[0,-0.221],[0,0],[0.221,0],[0,0],[0,0.221],[0,0]],"o":[[0,0],[0.221,0],[0,0],[0,0.221],[0,0],[-0.221,0],[0,0],[0,-0.221]],"v":[[-0.6,-1],[0.6,-1],[1,-0.6],[1,0.6],[0.6,1],[-0.6,1],[-1,0.6],[-1,-0.6]],"c":true}},"nm":"Path 1","mn":"ADBE Vector Shape - Group"},{"ty":"fl","c":{"a":0,"k":[0.247,0.212,0.192,1]},"o":{"a":0,"k":100},"r":1,"nm":"Fill 1","mn":"ADBE Vector Graphic - Fill"},{"ty":"tr","p":{"a":0,"k":[43,35],"ix":2},"a":{"a":0,"k":[0,0],"ix":1},"s":{"a":0,"k":[100,100],"ix":3},"r":{"a":0,"k":0,"ix":6},"o":{"a":0,"k":100,"ix":7},"sk":{"a":0,"k":0,"ix":4},"sa":{"a":0,"k":0,"ix":5},"nm":"Transform"}],"nm":"Group 31","np":2,"cix":2,"ix":31,"mn":"ADBE Vector Group"},{"ty":"gr","it":[{"ind":0,"ty":"sh","ix":1,"ks":{"a":0,"k":{"i":[[-0.221,0],[0,0],[0,-0.221],[0,0],[0.221,0],[0,0],[0,0.221],[0,0]],"o":[[0,0],[0.221,0],[0,0],[0,0.221],[0,0],[-0.221,0],[0,0],[0,-0.221]],"v":[[-0.6,-1],[0.6,-1],[1,-0.6],[1,0.6],[0.6,1],[-0.6,1],[-1,0.6],[-1,-0.6]],"c":true}},"nm":"Path 1","mn":"ADBE Vector Shape - Group"},{"ty":"fl","c":{"a":0,"k":[0.247,0.212,0.192,1]},"o":{"a":0,"k":100},"r":1,"nm":"Fill 1","mn":"ADBE Vector Graphic - Fill"},{"ty":"tr","p":{"a":0,"k":[39,51],"ix":2},"a":{"a":0,"k":[0,0],"ix":1},"s":{"a":0,"k":[100,100],"ix":3},"r":{"a":0,"k":0,"ix":6},"o":{"a":0,"k":100,"ix":7},"sk":{"a":0,"k":0,"ix":4},"sa":{"a":0,"k":0,"ix":5},"nm":"Transform"}],"nm":"Group 32","np":2,"cix":2,"ix":32,"mn":"ADBE Vector Group"},{"ty":"gr","it":[{"ind":0,"ty":"sh","ix":1,"ks":{"a":0,"k":{"i":[[-0.221,0],[0,0],[0,-0.221],[0,0],[0.221,0],[0,0],[0,0.221],[0,0]],"o":[[0,0],[0.221,0],[0,0],[0,0.221],[0,0],[-0.221,0],[0,0],[0,-0.221]],"v":[[-0.6,-1],[0.6,-1],[1,-0.6],[1,0.6],[0.6,1],[-0.6,1],[-1,0.6],[-1,-0.6]],"c":true}},"nm":"Path 1","mn":"ADBE Vector Shape - Group"},{"ty":"fl","c":{"a":0,"k":[0.247,0.212,0.192,1]},"o":{"a":0,"k":100},"r":1,"nm":"Fill 1","mn":"ADBE Vector Graphic - Fill"},{"ty":"tr","p":{"a":0,"k":[39,47],"ix":2},"a":{"a":0,"k":[0,0],"ix":1},"s":{"a":0,"k":[100,100],"ix":3},"r":{"a":0,"k":0,"ix":6},"o":{"a":0,"k":100,"ix":7},"sk":{"a":0,"k":0,"ix":4},"sa":{"a":0,"k":0,"ix":5},"nm":"Transform"}],"nm":"Group 33","np":2,"cix":2,"ix":33,"mn":"ADBE Vector Group"},{"ty":"gr","it":[{"ind":0,"ty":"sh","ix":1,"ks":{"a":0,"k":{"i":[[-0.221,0],[0,0],[0,-0.221],[0,0],[0.221,0],[0,0],[0,0.221],[0,0]],"o":[[0,0],[0.221,0],[0,0],[0,0.221],[0,0],[-0.221,0],[0,0],[0,-0.221]],"v":[[-0.6,-1],[0.6,-1],[1,-0.6],[1,0.6],[0.6,1],[-0.6,1],[-1,0.6],[-1,-0.6]],"c":true}},"nm":"Path 1","mn":"ADBE Vector Shape - Group"},{"ty":"fl","c":{"a":0,"k":[0.247,0.212,0.192,1]},"o":{"a":0,"k":100},"r":1,"nm":"Fill 1","mn":"ADBE Vector Graphic - Fill"},{"ty":"tr","p":{"a":0,"k":[39,43],"ix":2},"a":{"a":0,"k":[0,0],"ix":1},"s":{"a":0,"k":[100,100],"ix":3},"r":{"a":0,"k":0,"ix":6},"o":{"a":0,"k":100,"ix":7},"sk":{"a":0,"k":0,"ix":4},"sa":{"a":0,"k":0,"ix":5},"nm":"Transform"}],"nm":"Group 34","np":2,"cix":2,"ix":34,"mn":"ADBE Vector Group"},{"ty":"gr","it":[{"ind":0,"ty":"sh","ix":1,"ks":{"a":0,"k":{"i":[[-0.221,0],[0,0],[0,-0.221],[0,0],[0.221,0],[0,0],[0,0.221],[0,0]],"o":[[0,0],[0.221,0],[0,0],[0,0.221],[0,0],[-0.221,0],[0,0],[0,-0.221]],"v":[[-0.6,-1],[0.6,-1],[1,-0.6],[1,0.6],[0.6,1],[-0.6,1],[-1,0.6],[-1,-0.6]],"c":true}},"nm":"Path 1","mn":"ADBE Vector Shape - Group"},{"ty":"fl","c":{"a":0,"k":[0.247,0.212,0.192,1]},"o":{"a":0,"k":100},"r":1,"nm":"Fill 1","mn":"ADBE Vector Graphic - Fill"},{"ty":"tr","p":{"a":0,"k":[39,39],"ix":2},"a":{"a":0,"k":[0,0],"ix":1},"s":{"a":0,"k":[100,100],"ix":3},"r":{"a":0,"k":0,"ix":6},"o":{"a":0,"k":100,"ix":7},"sk":{"a":0,"k":0,"ix":4},"sa":{"a":0,"k":0,"ix":5},"nm":"Transform"}],"nm":"Group 35","np":2,"cix":2,"ix":35,"mn":"ADBE Vector Group"},{"ty":"gr","it":[{"ind":0,"ty":"sh","ix":1,"ks":{"a":0,"k":{"i":[[-0.221,0],[0,0],[0,-0.221],[0,0],[0.221,0],[0,0],[0,0.221],[0,0]],"o":[[0,0],[0.221,0],[0,0],[0,0.221],[0,0],[-0.221,0],[0,0],[0,-0.221]],"v":[[-0.6,-1],[0.6,-1],[1,-0.6],[1,0.6],[0.6,1],[-0.6,1],[-1,0.6],[-1,-0.6]],"c":true}},"nm":"Path 1","mn":"ADBE Vector Shape - Group"},{"ty":"fl","c":{"a":0,"k":[0.247,0.212,0.192,1]},"o":{"a":0,"k":100},"r":1,"nm":"Fill 1","mn":"ADBE Vector Graphic - Fill"},{"ty":"tr","p":{"a":0,"k":[39,35],"ix":2},"a":{"a":0,"k":[0,0],"ix":1},"s":{"a":0,"k":[100,100],"ix":3},"r":{"a":0,"k":0,"ix":6},"o":{"a":0,"k":100,"ix":7},"sk":{"a":0,"k":0,"ix":4},"sa":{"a":0,"k":0,"ix":5},"nm":"Transform"}],"nm":"Group 36","np":2,"cix":2,"ix":36,"mn":"ADBE Vector Group"},{"ty":"gr","it":[{"ind":0,"ty":"sh","ix":1,"ks":{"a":0,"k":{"i":[[-0.221,0],[0,0],[0,-0.221],[0,0],[0.221,0],[0,0],[0,0.221],[0,0]],"o":[[0,0],[0.221,0],[0,0],[0,0.221],[0,0],[-0.221,0],[0,0],[0,-0.221]],"v":[[-0.6,-1],[0.6,-1],[1,-0.6],[1,0.6],[0.6,1],[-0.6,1],[-1,0.6],[-1,-0.6]],"c":true}},"nm":"Path 1","mn":"ADBE Vector Shape - Group"},{"ty":"fl","c":{"a":0,"k":[0.247,0.212,0.192,1]},"o":{"a":0,"k":100},"r":1,"nm":"Fill 1","mn":"ADBE Vector Graphic - Fill"},{"ty":"tr","p":{"a":0,"k":[35,51],"ix":2},"a":{"a":0,"k":[0,0],"ix":1},"s":{"a":0,"k":[100,100],"ix":3},"r":{"a":0,"k":0,"ix":6},"o":{"a":0,"k":100,"ix":7},"sk":{"a":0,"k":0,"ix":4},"sa":{"a":0,"k":0,"ix":5},"nm":"Transform"}],"nm":"Group 37","np":2,"cix":2,"ix":37,"mn":"ADBE Vector Group"},{"ty":"gr","it":[{"ind":0,"ty":"sh","ix":1,"ks":{"a":0,"k":{"i":[[-0.221,0],[0,0],[0,-0.221],[0,0],[0.221,0],[0,0],[0,0.221],[0,0]],"o":[[0,0],[0.221,0],[0,0],[0,0.221],[0,0],[-0.221,0],[0,0],[0,-0.221]],"v":[[-0.6,-1],[0.6,-1],[1,-0.6],[1,0.6],[0.6,1],[-0.6,1],[-1,0.6],[-1,-0.6]],"c":true}},"nm":"Path 1","mn":"ADBE Vector Shape - Group"},{"ty":"fl","c":{"a":0,"k":[0.247,0.212,0.192,1]},"o":{"a":0,"k":100},"r":1,"nm":"Fill 1","mn":"ADBE Vector Graphic - Fill"},{"ty":"tr","p":{"a":0,"k":[35,47],"ix":2},"a":{"a":0,"k":[0,0],"ix":1},"s":{"a":0,"k":[100,100],"ix":3},"r":{"a":0,"k":0,"ix":6},"o":{"a":0,"k":100,"ix":7},"sk":{"a":0,"k":0,"ix":4},"sa":{"a":0,"k":0,"ix":5},"nm":"Transform"}],"nm":"Group 38","np":2,"cix":2,"ix":38,"mn":"ADBE Vector Group"},{"ty":"gr","it":[{"ind":0,"ty":"sh","ix":1,"ks":{"a":0,"k":{"i":[[-0.221,0],[0,0],[0,-0.221],[0,0],[0.221,0],[0,0],[0,0.221],[0,0]],"o":[[0,0],[0.221,0],[0,0],[0,0.221],[0,0],[-0.221,0],[0,0],[0,-0.221]],"v":[[-0.6,-1],[0.6,-1],[1,-0.6],[1,0.6],[0.6,1],[-0.6,1],[-1,0.6],[-1,-0.6]],"c":true}},"nm":"Path 1","mn":"ADBE Vector Shape - Group"},{"ty":"fl","c":{"a":0,"k":[0.247,0.212,0.192,1]},"o":{"a":0,"k":100},"r":1,"nm":"Fill 1","mn":"ADBE Vector Graphic - Fill"},{"ty":"tr","p":{"a":0,"k":[35,43],"ix":2},"a":{"a":0,"k":[0,0],"ix":1},"s":{"a":0,"k":[100,100],"ix":3},"r":{"a":0,"k":0,"ix":6},"o":{"a":0,"k":100,"ix":7},"sk":{"a":0,"k":0,"ix":4},"sa":{"a":0,"k":0,"ix":5},"nm":"Transform"}],"nm":"Group 39","np":2,"cix":2,"ix":39,"mn":"ADBE Vector Group"},{"ty":"gr","it":[{"ind":0,"ty":"sh","ix":1,"ks":{"a":0,"k":{"i":[[-0.221,0],[0,0],[0,-0.221],[0,0],[0.221,0],[0,0],[0,0.221],[0,0]],"o":[[0,0],[0.221,0],[0,0],[0,0.221],[0,0],[-0.221,0],[0,0],[0,-0.221]],"v":[[-0.6,-1],[0.6,-1],[1,-0.6],[1,0.6],[0.6,1],[-0.6,1],[-1,0.6],[-1,-0.6]],"c":true}},"nm":"Path 1","mn":"ADBE Vector Shape - Group"},{"ty":"fl","c":{"a":0,"k":[0.247,0.212,0.192,1]},"o":{"a":0,"k":100},"r":1,"nm":"Fill 1","mn":"ADBE Vector Graphic - Fill"},{"ty":"tr","p":{"a":0,"k":[35,39],"ix":2},"a":{"a":0,"k":[0,0],"ix":1},"s":{"a":0,"k":[100,100],"ix":3},"r":{"a":0,"k":0,"ix":6},"o":{"a":0,"k":100,"ix":7},"sk":{"a":0,"k":0,"ix":4},"sa":{"a":0,"k":0,"ix":5},"nm":"Transform"}],"nm":"Group 40","np":2,"cix":2,"ix":40,"mn":"ADBE Vector Group"},{"ty":"gr","it":[{"ind":0,"ty":"sh","ix":1,"ks":{"a":0,"k":{"i":[[-0.221,0],[0,0],[0,-0.221],[0,0],[0.221,0],[0,0],[0,0.221],[0,0]],"o":[[0,0],[0.221,0],[0,0],[0,0.221],[0,0],[-0.221,0],[0,0],[0,-0.221]],"v":[[-0.6,-1],[0.6,-1],[1,-0.6],[1,0.6],[0.6,1],[-0.6,1],[-1,0.6],[-1,-0.6]],"c":true}},"nm":"Path 1","mn":"ADBE Vector Shape - Group"},{"ty":"fl","c":{"a":0,"k":[0.247,0.212,0.192,1]},"o":{"a":0,"k":100},"r":1,"nm":"Fill 1","mn":"ADBE Vector Graphic - Fill"},{"ty":"tr","p":{"a":0,"k":[35,35],"ix":2},"a":{"a":0,"k":[0,0],"ix":1},"s":{"a":0,"k":[100,100],"ix":3},"r":{"a":0,"k":0,"ix":6},"o":{"a":0,"k":100,"ix":7},"sk":{"a":0,"k":0,"ix":4},"sa":{"a":0,"k":0,"ix":5},"nm":"Transform"}],"nm":"Group 41","np":2,"cix":2,"ix":41,"mn":"ADBE Vector Group"},{"ty":"gr","it":[{"ind":0,"ty":"sh","ix":1,"ks":{"a":0,"k":{"i":[[-1.104,0],[0,0],[0,-1.104],[0,0],[1.104,0],[0,0],[0,1.104],[0,0]],"o":[[0,0],[1.104,0],[0,0],[0,1.104],[0,0],[-1.104,0],[0,0],[0,-1.104]],"v":[[-3,-5],[3,-5],[5,-3],[5,3],[3,5],[-3,5],[-5,3],[-5,-3]],"c":true}},"nm":"Path 1","mn":"ADBE Vector Shape - Group"},{"ty":"fl","c":{"a":0,"k":[0.247,0.212,0.192,1]},"o":{"a":0,"k":100},"r":1,"nm":"Fill 1","mn":"ADBE Vector Graphic - Fill"},{"ty":"tr","p":{"a":0,"k":[43,17],"ix":2},"a":{"a":0,"k":[0,0],"ix":1},"s":{"a":0,"k":[100,100],"ix":3},"r":{"a":0,"k":0,"ix":6},"o":{"a":0,"k":100,"ix":7},"sk":{"a":0,"k":0,"ix":4},"sa":{"a":0,"k":0,"ix":5},"nm":"Transform"}],"nm":"Group 42","np":2,"cix":2,"ix":42,"mn":"ADBE Vector Group"},{"ty":"gr","it":[{"ind":0,"ty":"sh","ix":1,"ks":{"a":0,"k":{"i":[[-1.104,0],[0,0],[0,-1.104],[0,0],[1.104,0],[0,0],[0,1.104],[0,0]],"o":[[0,0],[1.104,0],[0,0],[0,1.104],[0,0],[-1.104,0],[0,0],[0,-1.104]],"v":[[-3,-5],[3,-5],[5,-3],[5,3],[3,5],[-3,5],[-5,3],[-5,-3]],"c":true}},"nm":"Path 1","mn":"ADBE Vector Shape - Group"},{"ty":"fl","c":{"a":0,"k":[0.247,0.212,0.192,1]},"o":{"a":0,"k":100},"r":1,"nm":"Fill 1","mn":"ADBE Vector Graphic - Fill"},{"ty":"tr","p":{"a":0,"k":[17,43],"ix":2},"a":{"a":0,"k":[0,0],"ix":1},"s":{"a":0,"k":[100,100],"ix":3},"r":{"a":0,"k":0,"ix":6},"o":{"a":0,"k":100,"ix":7},"sk":{"a":0,"k":0,"ix":4},"sa":{"a":0,"k":0,"ix":5},"nm":"Transform"}],"nm":"Group 43","np":2,"cix":2,"ix":43,"mn":"ADBE Vector Group"},{"ty":"gr","it":[{"ind":0,"ty":"sh","ix":1,"ks":{"a":0,"k":{"i":[[-1.104,0],[0,0],[0,-1.104],[0,0],[1.104,0],[0,0],[0,1.104],[0,0]],"o":[[0,0],[1.104,0],[0,0],[0,1.104],[0,0],[-1.104,0],[0,0],[0,-1.104]],"v":[[-3,-5],[3,-5],[5,-3],[5,3],[3,5],[-3,5],[-5,3],[-5,-3]],"c":true}},"nm":"Path 1","mn":"ADBE Vector Shape - Group"},{"ty":"fl","c":{"a":0,"k":[0.247,0.212,0.192,1]},"o":{"a":0,"k":100},"r":1,"nm":"Fill 1","mn":"ADBE Vector Graphic - Fill"},{"ty":"tr","p":{"a":0,"k":[17,17],"ix":2},"a":{"a":0,"k":[0,0],"ix":1},"s":{"a":0,"k":[100,100],"ix":3},"r":{"a":0,"k":0,"ix":6},"o":{"a":0,"k":100,"ix":7},"sk":{"a":0,"k":0,"ix":4},"sa":{"a":0,"k":0,"ix":5},"nm":"Transform"}],"nm":"Group 44","np":2,"cix":2,"ix":44,"mn":"ADBE Vector Group"},{"ty":"gr","it":[{"ind":0,"ty":"sh","ix":1,"ks":{"a":0,"k":{"i":[[-2.209,0],[0,0],[0,-2.209],[0,0],[2.209,0],[0,0],[0,2.209],[0,0]],"o":[[0,0],[2.209,0],[0,0],[0,2.209],[0,0],[-2.209,0],[0,0],[0,-2.209]],"v":[[-5,-9],[5,-9],[9,-5],[9,5],[5,9],[-5,9],[-9,5],[-9,-5]],"c":true}},"nm":"Path 1","mn":"ADBE Vector Shape - Group"},{"ty":"st","c":{"a":0,"k":[0.247,0.212,0.192,1]},"o":{"a":0,"k":100},"w":{"a":0,"k":2},"lc":1,"lj":1,"ml":4,"nm":"Stroke 1","mn":"ADBE Vector Graphic - Stroke"},{"ty":"tr","p":{"a":0,"k":[43,17],"ix":2},"a":{"a":0,"k":[0,0],"ix":1},"s":{"a":0,"k":[100,100],"ix":3},"r":{"a":0,"k":0,"ix":6},"o":{"a":0,"k":100,"ix":7},"sk":{"a":0,"k":0,"ix":4},"sa":{"a":0,"k":0,"ix":5},"nm":"Transform"}],"nm":"Group 45","np":2,"cix":2,"ix":45,"mn":"ADBE Vector Group"},{"ty":"gr","it":[{"ind":0,"ty":"sh","ix":1,"ks":{"a":0,"k":{"i":[[-2.209,0],[0,0],[0,-2.209],[0,0],[2.209,0],[0,0],[0,2.209],[0,0]],"o":[[0,0],[2.209,0],[0,0],[0,2.209],[0,0],[-2.209,0],[0,0],[0,-2.209]],"v":[[-5,-9],[5,-9],[9,-5],[9,5],[5,9],[-5,9],[-9,5],[-9,-5]],"c":true}},"nm":"Path 1","mn":"ADBE Vector Shape - Group"},{"ty":"st","c":{"a":0,"k":[0.247,0.212,0.192,1]},"o":{"a":0,"k":100},"w":{"a":0,"k":2},"lc":1,"lj":1,"ml":4,"nm":"Stroke 1","mn":"ADBE Vector Graphic - Stroke"},{"ty":"tr","p":{"a":0,"k":[17,43],"ix":2},"a":{"a":0,"k":[0,0],"ix":1},"s":{"a":0,"k":[100,100],"ix":3},"r":{"a":0,"k":0,"ix":6},"o":{"a":0,"k":100,"ix":7},"sk":{"a":0,"k":0,"ix":4},"sa":{"a":0,"k":0,"ix":5},"nm":"Transform"}],"nm":"Group 46","np":2,"cix":2,"ix":46,"mn":"ADBE Vector Group"},{"ty":"gr","it":[{"ind":0,"ty":"sh","ix":1,"ks":{"a":0,"k":{"i":[[-2.209,0],[0,0],[0,-2.209],[0,0],[2.209,0],[0,0],[0,2.209],[0,0]],"o":[[0,0],[2.209,0],[0,0],[0,2.209],[0,0],[-2.209,0],[0,0],[0,-2.209]],"v":[[-5,-9],[5,-9],[9,-5],[9,5],[5,9],[-5,9],[-9,5],[-9,-5]],"c":true}},"nm":"Path 1","mn":"ADBE Vector Shape - Group"},{"ty":"st","c":{"a":0,"k":[0.247,0.212,0.192,1]},"o":{"a":0,"k":100},"w":{"a":0,"k":2},"lc":1,"lj":1,"ml":4,"nm":"Stroke 1","mn":"ADBE Vector Graphic - Stroke"},{"ty":"tr","p":{"a":0,"k":[17,17],"ix":2},"a":{"a":0,"k":[0,0],"ix":1},"s":{"a":0,"k":[100,100],"ix":3},"r":{"a":0,"k":0,"ix":6},"o":{"a":0,"k":100,"ix":7},"sk":{"a":0,"k":0,"ix":4},"sa":{"a":0,"k":0,"ix":5},"nm":"Transform"}],"nm":"Group 47","np":2,"cix":2,"ix":47,"mn":"ADBE Vector Group"},{"ty":"gr","it":[{"ind":0,"ty":"sh","ix":1,"ks":{"a":0,"k":{"i":[[-3.313,0],[0,0],[0,-3.313],[0,0],[3.313,0],[0,0],[0,3.313],[0,0]],"o":[[0,0],[3.313,0],[0,0],[0,3.313],[0,0],[-3.313,0],[0,0],[0,-3.313]],"v":[[-22,-28],[22,-28],[28,-22],[28,22],[22,28],[-22,28],[-28,22],[-28,-22]],"c":true}},"nm":"Path 1","mn":"ADBE Vector Shape - Group"},{"ty":"st","c":{"a":0,"k":[0.247,0.212,0.192,1]},"o":{"a":0,"k":100},"w":{"a":0,"k":2},"lc":1,"lj":1,"ml":4,"nm":"Stroke 1","mn":"ADBE Vector Graphic - Stroke"},{"ty":"tr","p":{"a":0,"k":[30,30],"ix":2},"a":{"a":0,"k":[0,0],"ix":1},"s":{"a":0,"k":[100,100],"ix":3},"r":{"a":0,"k":0,"ix":6},"o":{"a":0,"k":100,"ix":7},"sk":{"a":0,"k":0,"ix":4},"sa":{"a":0,"k":0,"ix":5},"nm":"Transform"}],"nm":"Group 48","np":2,"cix":2,"ix":48,"mn":"ADBE Vector Group"}],"ip":0,"op":230,"st":0,"bm":0,"sr":1}]}